Section Name,Route Distance,Distance,Completed?,Notes
Cape Reinga lighthouse  to Kaka St ,0.0,101 km,FALSE,""
"",0,0,FALSE,""
"",1,1,FALSE,""
"",2,2,FALSE,""
"",3,3,FALSE,""
"",4,4,FALSE,""
"",5,5,FALSE,""
"",6,6,FALSE,""
"",7,7,FALSE,""
"",8,8,FALSE,""
"",9,9,FALSE,""
"",10,10,FALSE,""
"",11,11,FALSE,""
"",12,12,FALSE,""
"",13,13,FALSE,""
"",14,14,FALSE,""
"",15,15,FALSE,""
"",16,16,FALSE,""
"",17,17,FALSE,""
"",18,18,FALSE,""
"",19,19,FALSE,""
"",20,20,FALSE,""
"",21,21,FALSE,""
"",22,22,FALSE,""
"",23,23,FALSE,""
"",24,24,FALSE,""
"",25,25,FALSE,""
"",26,26,FALSE,""
"",27,27,FALSE,""
"",28,28,FALSE,""
"",29,29,FALSE,""
"",30,30,FALSE,""
"",31,31,FALSE,""
"",32,32,FALSE,""
"",33,33,FALSE,""
"",34,34,FALSE,""
"",35,35,FALSE,""
"",36,36,FALSE,""
"",37,37,FALSE,""
"",38,38,FALSE,""
"",39,39,FALSE,""
"",40,40,FALSE,""
"",41,41,FALSE,""
"",42,42,FALSE,""
"",43,43,FALSE,""
"",44,44,FALSE,""
"",45,45,FALSE,""
"",46,46,FALSE,""
"",47,47,FALSE,""
"",48,48,FALSE,""
"",49,49,FALSE,""
"",50,50,FALSE,""
"",51,51,FALSE,""
"",52,52,FALSE,""
"",53,53,FALSE,""
"",54,54,FALSE,""
"",55,55,FALSE,""
"",56,56,FALSE,""
"",57,57,FALSE,""
"",58,58,FALSE,""
"",59,59,FALSE,""
"",60,60,FALSE,""
"",61,61,FALSE,""
"",62,62,FALSE,""
"",63,63,FALSE,""
"",64,64,FALSE,""
"",65,65,FALSE,""
"",66,66,FALSE,""
"",67,67,FALSE,""
"",68,68,FALSE,""
"",69,69,FALSE,""
"",70,70,FALSE,""
"",71,71,FALSE,""
"",72,72,FALSE,""
"",73,73,FALSE,""
"",74,74,FALSE,""
"",75,75,FALSE,""
"",76,76,FALSE,""
"",77,77,FALSE,""
"",78,78,FALSE,""
"",79,79,FALSE,""
"",80,80,FALSE,""
"",81,81,FALSE,""
"",82,82,FALSE,""
"",83,83,FALSE,""
"",84,84,FALSE,""
"",85,85,FALSE,""
"",86,86,FALSE,""
"",87,87,FALSE,""
"",88,88,FALSE,""
"",89,89,FALSE,""
"",90,90,FALSE,""
"",91,91,FALSE,""
"",92,92,FALSE,""
"",93,93,FALSE,""
"",94,94,FALSE,""
"",95,95,FALSE,""
"",96,96,FALSE,""
"",97,97,FALSE,""
"",98,98,FALSE,""
"",99,99,FALSE,""
"",100,100,FALSE,""
Kaka St  to Puketi Rec Centre ,100.783165,104 km,FALSE,""
"",101,0.216835,FALSE,""
"",102,1.216835,FALSE,""
"",103,2.216835,FALSE,""
"",104,3.216835,FALSE,""
"",105,4.216835,FALSE,""
"",106,5.216835,FALSE,""
"",107,6.216835,FALSE,""
"",108,7.216835,FALSE,""
"",109,8.216835,FALSE,""
"",110,9.216835,FALSE,""
"",111,10.216835,FALSE,""
"",112,11.216835,FALSE,""
"",113,12.216835,FALSE,""
"",114,13.216835,FALSE,""
"",115,14.216835,FALSE,""
"",116,15.216835,FALSE,""
"",117,16.216835,FALSE,""
"",118,17.216835,FALSE,""
"",119,18.216835,FALSE,""
"",120,19.216835,FALSE,""
"",121,20.216835,FALSE,""
"",122,21.216835,FALSE,""
"",123,22.216835,FALSE,""
"",124,23.216835,FALSE,""
"",125,24.216835,FALSE,""
"",126,25.216835,FALSE,""
"",127,26.216835,FALSE,""
"",128,27.216835,FALSE,""
"",129,28.216835,FALSE,""
"",130,29.216835,FALSE,""
"",131,30.216835,FALSE,""
"",132,31.216835,FALSE,""
"",133,32.216835,FALSE,""
"",134,33.216835,FALSE,""
"",135,34.216835,FALSE,""
"",136,35.216835,FALSE,""
"",137,36.216835,FALSE,""
"",138,37.216835,FALSE,""
"",139,38.216835,FALSE,""
"",140,39.216835,FALSE,""
"",141,40.216835,FALSE,""
"",142,41.216835,FALSE,""
"",143,42.216835,FALSE,""
"",144,43.216835,FALSE,""
"",145,44.216835,FALSE,""
"",146,45.216835,FALSE,""
"",147,46.216835,FALSE,""
"",148,47.216835,FALSE,""
"",149,48.216835,FALSE,""
"",150,49.216835,FALSE,""
"",151,50.216835,FALSE,""
"",152,51.216835,FALSE,""
"",153,52.216835,FALSE,""
"",154,53.216835,FALSE,""
"",155,54.216835,FALSE,""
"",156,55.216835,FALSE,""
"",157,56.216835,FALSE,""
"",158,57.216835,FALSE,""
"",159,58.216835,FALSE,""
"",160,59.216835,FALSE,""
"",161,60.216835,FALSE,""
"",162,61.216835,FALSE,""
"",163,62.216835,FALSE,""
"",164,63.216835,FALSE,""
"",165,64.216835,FALSE,""
"",166,65.216835,FALSE,""
"",167,66.216835,FALSE,""
"",168,67.216835,FALSE,""
"",169,68.216835,FALSE,""
"",170,69.216835,FALSE,""
"",171,70.216835,FALSE,""
"",172,71.216835,FALSE,""
"",173,72.216835,FALSE,""
"",174,73.216835,FALSE,""
"",175,74.216835,FALSE,""
"",176,75.216835,FALSE,""
"",177,76.216835,FALSE,""
"",178,77.216835,FALSE,""
"",179,78.216835,FALSE,""
"",180,79.216835,FALSE,""
"",181,80.216835,FALSE,""
"",182,81.216835,FALSE,""
"",183,82.216835,FALSE,""
"",184,83.216835,FALSE,""
"",185,84.216835,FALSE,""
"",186,85.216835,FALSE,""
"",187,86.216835,FALSE,""
"",188,87.216835,FALSE,""
"",189,88.216835,FALSE,""
"",190,89.216835,FALSE,""
"",191,90.216835,FALSE,""
"",192,91.216835,FALSE,""
"",193,92.216835,FALSE,""
"",194,93.216835,FALSE,""
"",195,94.216835,FALSE,""
"",196,95.216835,FALSE,""
"",197,96.216835,FALSE,""
"",198,97.216835,FALSE,""
"",199,98.216835,FALSE,""
"",200,99.216835,FALSE,""
"",201,100.216835,FALSE,""
"",202,101.216835,FALSE,""
"",203,102.216835,FALSE,""
"",204,103.216835,FALSE,""
"",205,104.216835,FALSE,""
Puketi Rec Centre  to Stone Store ,205.06798,25 km,FALSE,""
"",206,0.93202,FALSE,""
"",207,1.93202,FALSE,""
"",208,2.93202,FALSE,""
"",209,3.93202,FALSE,""
"",210,4.93202,FALSE,""
"",211,5.93202,FALSE,""
"",212,6.93202,FALSE,""
"",213,7.93202,FALSE,""
"",214,8.93202,FALSE,""
"",215,9.93202,FALSE,""
"",216,10.93202,FALSE,""
"",217,11.93202,FALSE,""
"",218,12.93202,FALSE,""
"",219,13.93202,FALSE,""
"",220,14.93202,FALSE,""
"",221,15.93202,FALSE,""
"",222,16.93202,FALSE,""
"",223,17.93202,FALSE,""
"",224,18.93202,FALSE,""
"",225,19.93202,FALSE,""
"",226,20.93202,FALSE,""
"",227,21.93202,FALSE,""
"",228,22.93202,FALSE,""
"",229,23.93202,FALSE,""
Stone Store  to Waitangi Bridge ,229.98558,20 km,FALSE,""
"",230,0.01442,FALSE,""
"",231,1.01442,FALSE,""
"",232,2.01442,FALSE,""
"",233,3.01442,FALSE,""
"",234,4.01442,FALSE,""
"",235,5.01442,FALSE,""
"",236,6.01442,FALSE,""
"",237,7.01442,FALSE,""
"",238,8.01442,FALSE,""
"",239,9.01442,FALSE,""
"",240,10.01442,FALSE,""
"",241,11.01442,FALSE,""
"",242,12.01442,FALSE,""
"",243,13.01442,FALSE,""
"",244,14.01442,FALSE,""
"",245,15.01442,FALSE,""
"",246,16.01442,FALSE,""
"",247,17.01442,FALSE,""
"",248,18.01442,FALSE,""
"",249,19.01442,FALSE,""
"",250,20.01442,FALSE,""
Waitangi Bridge  to Opua Wharf ,250.1333,9 km,FALSE,""
"",251,0.8667,FALSE,""
"",252,1.8667,FALSE,""
"",253,2.8667,FALSE,""
"",254,3.8667,FALSE,""
"",255,4.8667,FALSE,""
"",256,5.8667,FALSE,""
"",257,6.8667,FALSE,""
"",258,7.8667,FALSE,""
"",259,8.8667,FALSE,""
Opua Wharf  to Waikare ,259.09708,11 km,FALSE,""
"",260,0.90292,FALSE,""
"",261,1.90292,FALSE,""
"",262,2.90292,FALSE,""
"",263,3.90292,FALSE,""
"",264,4.90292,FALSE,""
"",265,5.90292,FALSE,""
"",266,6.90292,FALSE,""
"",267,7.90292,FALSE,""
"",268,8.90292,FALSE,""
"",269,9.90292,FALSE,""
"",270,10.90292,FALSE,""
Waikare  to Waikare ,270.16144,121 km,FALSE,""
"",271,0.83856,FALSE,""
"",272,1.83856,FALSE,""
"",273,2.83856,FALSE,""
"",274,3.83856,FALSE,""
"",275,4.83856,FALSE,""
"",276,5.83856,FALSE,""
"",277,6.83856,FALSE,""
"",278,7.83856,FALSE,""
"",279,8.83856,FALSE,""
"",280,9.83856,FALSE,""
"",281,10.83856,FALSE,""
"",282,11.83856,FALSE,""
"",283,12.83856,FALSE,""
"",284,13.83856,FALSE,""
"",285,14.83856,FALSE,""
"",286,15.83856,FALSE,""
"",287,16.83856,FALSE,""
"",288,17.83856,FALSE,""
"",289,18.83856,FALSE,""
"",290,19.83856,FALSE,""
"",291,20.83856,FALSE,""
"",292,21.83856,FALSE,""
"",293,22.83856,FALSE,""
"",294,23.83856,FALSE,""
"",295,24.83856,FALSE,""
"",296,25.83856,FALSE,""
"",297,26.83856,FALSE,""
"",298,27.83856,FALSE,""
"",299,28.83856,FALSE,""
"",300,29.83856,FALSE,""
"",301,30.83856,FALSE,""
"",302,31.83856,FALSE,""
"",303,32.83856,FALSE,""
"",304,33.83856,FALSE,""
"",305,34.83856,FALSE,""
"",306,35.83856,FALSE,""
"",307,36.83856,FALSE,""
"",308,37.83856,FALSE,""
"",309,38.83856,FALSE,""
"",310,39.83856,FALSE,""
"",311,40.83856,FALSE,""
"",312,41.83856,FALSE,""
"",313,42.83856,FALSE,""
"",314,43.83856,FALSE,""
"",315,44.83856,FALSE,""
"",316,45.83856,FALSE,""
"",317,46.83856,FALSE,""
"",318,47.83856,FALSE,""
"",319,48.83856,FALSE,""
"",320,49.83856,FALSE,""
"",321,50.83856,FALSE,""
"",322,51.83856,FALSE,""
"",323,52.83856,FALSE,""
"",324,53.83856,FALSE,""
"",325,54.83856,FALSE,""
"",326,55.83856,FALSE,""
"",327,56.83856,FALSE,""
"",328,57.83856,FALSE,""
"",329,58.83856,FALSE,""
"",330,59.83856,FALSE,""
"",331,60.83856,FALSE,""
"",332,61.83856,FALSE,""
"",333,62.83856,FALSE,""
"",334,63.83856,FALSE,""
"",335,64.83856,FALSE,""
"",336,65.83856,FALSE,""
"",337,66.83856,FALSE,""
"",338,67.83856,FALSE,""
"",339,68.83856,FALSE,""
"",340,69.83856,FALSE,""
"",341,70.83856,FALSE,""
"",342,71.83856,FALSE,""
"",343,72.83856,FALSE,""
"",344,73.83856,FALSE,""
"",345,74.83856,FALSE,""
"",346,75.83856,FALSE,""
"",347,76.83856,FALSE,""
"",348,77.83856,FALSE,""
"",349,78.83856,FALSE,""
"",350,79.83856,FALSE,""
"",351,80.83856,FALSE,""
"",352,81.83856,FALSE,""
"",353,82.83856,FALSE,""
"",354,83.83856,FALSE,""
"",355,84.83856,FALSE,""
"",356,85.83856,FALSE,""
"",357,86.83856,FALSE,""
"",358,87.83856,FALSE,""
"",359,88.83856,FALSE,""
"",360,89.83856,FALSE,""
"",361,90.83856,FALSE,""
"",362,91.83856,FALSE,""
"",363,92.83856,FALSE,""
"",364,93.83856,FALSE,""
"",365,94.83856,FALSE,""
"",366,95.83856,FALSE,""
"",367,96.83856,FALSE,""
"",368,97.83856,FALSE,""
"",369,98.83856,FALSE,""
"",370,99.83856,FALSE,""
"",371,100.83856,FALSE,""
"",372,101.83856,FALSE,""
"",373,102.83856,FALSE,""
"",374,103.83856,FALSE,""
"",375,104.83856,FALSE,""
"",376,105.83856,FALSE,""
"",377,106.83856,FALSE,""
"",378,107.83856,FALSE,""
"",379,108.83856,FALSE,""
"",380,109.83856,FALSE,""
"",381,110.83856,FALSE,""
"",382,111.83856,FALSE,""
"",383,112.83856,FALSE,""
"",384,113.83856,FALSE,""
"",385,114.83856,FALSE,""
"",386,115.83856,FALSE,""
"",387,116.83856,FALSE,""
"",388,117.83856,FALSE,""
"",389,118.83856,FALSE,""
"",390,119.83856,FALSE,""
Marsden Pt beach  to Cove/Cullen Rd ,390.93903,34 km,FALSE,""
"",391,0.06097,FALSE,""
"",392,1.06097,FALSE,""
"",393,2.06097,FALSE,""
"",394,3.06097,FALSE,""
"",395,4.06097,FALSE,""
"",396,5.06097,FALSE,""
"",397,6.06097,FALSE,""
"",398,7.06097,FALSE,""
"",399,8.06097,FALSE,""
"",400,9.06097,FALSE,""
"",401,10.06097,FALSE,""
"",402,11.06097,FALSE,""
"",403,12.06097,FALSE,""
"",404,13.06097,FALSE,""
"",405,14.06097,FALSE,""
"",406,15.06097,FALSE,""
"",407,16.06097,FALSE,""
"",408,17.06097,FALSE,""
"",409,18.06097,FALSE,""
"",410,19.06097,FALSE,""
"",411,20.06097,FALSE,""
"",412,21.06097,FALSE,""
"",413,22.06097,FALSE,""
"",414,23.06097,FALSE,""
"",415,24.06097,FALSE,""
"",416,25.06097,FALSE,""
"",417,26.06097,FALSE,""
"",418,27.06097,FALSE,""
"",419,28.06097,FALSE,""
"",420,29.06097,FALSE,""
"",421,30.06097,FALSE,""
"",422,31.06097,FALSE,""
"",423,32.06097,FALSE,""
"",424,33.06097,FALSE,""
"",425,34.06097,FALSE,""
Cove/Cullen Rd  to Bream Tail/Cove Rd,425.31714,6 km,FALSE,""
"",426,0.68286,FALSE,""
"",427,1.68286,FALSE,""
"",428,2.68286,FALSE,""
"",429,3.68286,FALSE,""
"",430,4.68286,FALSE,""
"",431,5.68286,FALSE,""
Bream Tail/Cove Rd to Wintle St,431.51425,7 km,FALSE,""
"",432,0.48575,FALSE,""
"",433,1.48575,FALSE,""
"",434,2.48575,FALSE,""
"",435,3.48575,FALSE,""
"",436,4.48575,FALSE,""
"",437,5.48575,FALSE,""
"",438,6.48575,FALSE,""
Wintle St to Pakiri ,438.8808,30 km,FALSE,""
"",439,0.1192,FALSE,""
"",440,1.1192,FALSE,""
"",441,2.1192,FALSE,""
"",442,3.1192,FALSE,""
"",443,4.1192,FALSE,""
"",444,5.1192,FALSE,""
"",445,6.1192,FALSE,""
"",446,7.1192,FALSE,""
"",447,8.1192,FALSE,""
"",448,9.1192,FALSE,""
"",449,10.1192,FALSE,""
"",450,11.1192,FALSE,""
"",451,12.1192,FALSE,""
"",452,13.1192,FALSE,""
"",453,14.1192,FALSE,""
"",454,15.1192,FALSE,""
"",455,16.1192,FALSE,""
"",456,17.1192,FALSE,""
"",457,18.1192,FALSE,""
"",458,19.1192,FALSE,""
"",459,20.1192,FALSE,""
"",460,21.1192,FALSE,""
"",461,22.1192,FALSE,""
"",462,23.1192,FALSE,""
"",463,24.1192,FALSE,""
"",464,25.1192,FALSE,""
"",465,26.1192,FALSE,""
"",466,27.1192,FALSE,""
"",467,28.1192,FALSE,""
"",468,29.1192,FALSE,""
Pakiri  to Govan Wilson Road,468.40298,11 km,FALSE,""
"",469,0.59702,FALSE,""
"",470,1.59702,FALSE,""
"",471,2.59702,FALSE,""
"",472,3.59702,FALSE,""
"",473,4.59702,FALSE,""
"",474,5.59702,FALSE,""
"",475,6.59702,FALSE,""
"",476,7.59702,FALSE,""
"",477,8.59702,FALSE,""
"",478,9.59702,FALSE,""
"",479,10.59702,FALSE,""
Govan Wilson Road to Ahuroa Remiger Rds ,479.35815,38 km,FALSE,""
"",480,0.64185,FALSE,""
"",481,1.64185,FALSE,""
"",482,2.64185,FALSE,""
"",483,3.64185,FALSE,""
"",484,4.64185,FALSE,""
"",485,5.64185,FALSE,""
"",486,6.64185,FALSE,""
"",487,7.64185,FALSE,""
"",488,8.64185,FALSE,""
"",489,9.64185,FALSE,""
"",490,10.64185,FALSE,""
"",491,11.64185,FALSE,""
"",492,12.64185,FALSE,""
"",493,13.64185,FALSE,""
"",494,14.64185,FALSE,""
"",495,15.64185,FALSE,""
"",496,16.64185,FALSE,""
"",497,17.64185,FALSE,""
"",498,18.64185,FALSE,""
"",499,19.64185,FALSE,""
"",500,20.64185,FALSE,""
"",501,21.64185,FALSE,""
"",502,22.64185,FALSE,""
"",503,23.64185,FALSE,""
"",504,24.64185,FALSE,""
"",505,25.64185,FALSE,""
"",506,26.64185,FALSE,""
"",507,27.64185,FALSE,""
"",508,28.64185,FALSE,""
"",509,29.64185,FALSE,""
"",510,30.64185,FALSE,""
"",511,31.64185,FALSE,""
"",512,32.64185,FALSE,""
"",513,33.64185,FALSE,""
"",514,34.64185,FALSE,""
"",515,35.64185,FALSE,""
"",516,36.64185,FALSE,""
Ahuroa Remiger Rds  to Puhoi Village ,516.865,5 km,FALSE,""
"",517,0.135,FALSE,""
"",518,1.135,FALSE,""
"",519,2.135,FALSE,""
"",520,3.135,FALSE,""
"",521,4.135,FALSE,""
Puhoi Village  to Wenderholm,521.67084,7 km,FALSE,""
"",522,0.32916,FALSE,""
"",523,1.32916,FALSE,""
"",524,2.32916,FALSE,""
"",525,3.32916,FALSE,""
"",526,4.32916,FALSE,""
"",527,5.32916,FALSE,""
"",528,6.32916,FALSE,""
"",529,7.32916,FALSE,""
? -> Wenderholm,529.09595,25 km,FALSE,""
"",530,0.90405,FALSE,""
"",531,1.90405,FALSE,""
"",532,2.90405,FALSE,""
"",533,3.90405,FALSE,""
"",534,4.90405,FALSE,""
"",535,5.90405,FALSE,""
"",536,6.90405,FALSE,""
"",537,7.90405,FALSE,""
"",538,8.90405,FALSE,""
"",539,9.90405,FALSE,""
"",540,10.90405,FALSE,""
"",541,11.90405,FALSE,""
"",542,12.90405,FALSE,""
"",543,13.90405,FALSE,""
"",544,14.90405,FALSE,""
"",545,15.90405,FALSE,""
"",546,16.90405,FALSE,""
"",547,17.90405,FALSE,""
"",548,18.90405,FALSE,""
Wenderholm to Long Bay ,548.4161,5 km,FALSE,""
"",549,0.5839,FALSE,""
"",550,1.5839,FALSE,""
"",551,2.5839,FALSE,""
"",552,3.5839,FALSE,""
"",553,4.5839,FALSE,""
Long Bay  to Long Bay ,553.0195,27 km,FALSE,""
"",554,0.9805,FALSE,""
"",555,1.9805,FALSE,""
"",556,2.9805,FALSE,""
"",557,3.9805,FALSE,""
"",558,4.9805,FALSE,""
"",559,5.9805,FALSE,""
"",560,6.9805,FALSE,""
"",561,7.9805,FALSE,""
"",562,8.9805,FALSE,""
"",563,9.9805,FALSE,""
"",564,10.9805,FALSE,""
"",565,11.9805,FALSE,""
"",566,12.9805,FALSE,""
"",567,13.9805,FALSE,""
"",568,14.9805,FALSE,""
"",569,15.9805,FALSE,""
"",570,16.9805,FALSE,""
"",571,17.9805,FALSE,""
"",572,18.9805,FALSE,""
"",573,19.9805,FALSE,""
"",574,20.9805,FALSE,""
"",575,21.9805,FALSE,""
"",576,22.9805,FALSE,""
"",577,23.9805,FALSE,""
"",578,24.9805,FALSE,""
"",579,25.9805,FALSE,""
"",580,26.9805,FALSE,""
Ferry Terminal  to Onehunga ,580.20435,15 km,FALSE,""
"",581,0.79565,FALSE,""
"",582,1.79565,FALSE,""
"",583,2.79565,FALSE,""
"",584,3.79565,FALSE,""
"",585,4.79565,FALSE,""
"",586,5.79565,FALSE,""
"",587,6.79565,FALSE,""
"",588,7.79565,FALSE,""
"",589,8.79565,FALSE,""
"",590,9.79565,FALSE,""
"",591,10.79565,FALSE,""
"",592,11.79565,FALSE,""
"",593,12.79565,FALSE,""
"",594,13.79565,FALSE,""
"",595,14.79565,FALSE,""
Onehunga  to Price Rd ,595.67,23 km,FALSE,""
"",596,0.33,FALSE,""
"",597,1.33,FALSE,""
"",598,2.33,FALSE,""
"",599,3.33,FALSE,""
"",600,4.33,FALSE,""
"",601,5.33,FALSE,""
"",602,6.33,FALSE,""
"",603,7.33,FALSE,""
"",604,8.33,FALSE,""
"",605,9.33,FALSE,""
"",606,10.33,FALSE,""
"",607,11.33,FALSE,""
"",608,12.33,FALSE,""
"",609,13.33,FALSE,""
"",610,14.33,FALSE,""
"",611,15.33,FALSE,""
"",612,16.33,FALSE,""
"",613,17.33,FALSE,""
"",614,18.33,FALSE,""
"",615,19.33,FALSE,""
"",616,20.33,FALSE,""
"",617,21.33,FALSE,""
"",618,22.33,FALSE,""
Price Rd  to Wairere Rd ,618.50977,10 km,FALSE,""
"",619,0.49023,FALSE,""
"",620,1.49023,FALSE,""
"",621,2.49023,FALSE,""
"",622,3.49023,FALSE,""
"",623,4.49023,FALSE,""
"",624,5.49023,FALSE,""
"",625,6.49023,FALSE,""
"",626,7.49023,FALSE,""
"",627,8.49023,FALSE,""
"",628,9.49023,FALSE,""
Wairere Rd  to McNicol Rd,628.6625,2 km,FALSE,""
"",629,0.3375,FALSE,""
"",630,1.3375,FALSE,""
McNicol Rd to Lyons Rd ,630.59875,37 km,FALSE,""
"",631,0.40125,FALSE,""
"",632,1.40125,FALSE,""
"",633,2.40125,FALSE,""
"",634,3.40125,FALSE,""
"",635,4.40125,FALSE,""
"",636,5.40125,FALSE,""
"",637,6.40125,FALSE,""
"",638,7.40125,FALSE,""
"",639,8.40125,FALSE,""
"",640,9.40125,FALSE,""
"",641,10.40125,FALSE,""
"",642,11.40125,FALSE,""
"",643,12.40125,FALSE,""
"",644,13.40125,FALSE,""
"",645,14.40125,FALSE,""
"",646,15.40125,FALSE,""
"",647,16.40125,FALSE,""
"",648,17.40125,FALSE,""
"",649,18.40125,FALSE,""
"",650,19.40125,FALSE,""
"",651,20.40125,FALSE,""
"",652,21.40125,FALSE,""
"",653,22.40125,FALSE,""
"",654,23.40125,FALSE,""
"",655,24.40125,FALSE,""
"",656,25.40125,FALSE,""
"",657,26.40125,FALSE,""
"",658,27.40125,FALSE,""
"",659,28.40125,FALSE,""
"",660,29.40125,FALSE,""
"",661,30.40125,FALSE,""
"",662,31.40125,FALSE,""
"",663,32.40125,FALSE,""
"",664,33.40125,FALSE,""
"",665,34.40125,FALSE,""
"",666,35.40125,FALSE,""
Lyons Rd  to Skeet Rd ,666.85034,13 km,FALSE,""
"",667,0.14966,FALSE,""
"",668,1.14966,FALSE,""
"",669,2.14966,FALSE,""
"",670,3.14966,FALSE,""
"",671,4.14966,FALSE,""
"",672,5.14966,FALSE,""
"",673,6.14966,FALSE,""
"",674,7.14966,FALSE,""
"",675,8.14966,FALSE,""
"",676,9.14966,FALSE,""
"",677,10.14966,FALSE,""
"",678,11.14966,FALSE,""
"",679,12.14966,FALSE,""
Skeet Rd  to Rangiriri Bridge ,679.8171,23 km,FALSE,""
"",680,0.1829,FALSE,""
"",681,1.1829,FALSE,""
"",682,2.1829,FALSE,""
"",683,3.1829,FALSE,""
"",684,4.1829,FALSE,""
"",685,5.1829,FALSE,""
"",686,6.1829,FALSE,""
"",687,7.1829,FALSE,""
"",688,8.1829,FALSE,""
"",689,9.1829,FALSE,""
"",690,10.1829,FALSE,""
"",691,11.1829,FALSE,""
"",692,12.1829,FALSE,""
"",693,13.1829,FALSE,""
"",694,14.1829,FALSE,""
"",695,15.1829,FALSE,""
"",696,16.1829,FALSE,""
"",697,17.1829,FALSE,""
"",698,18.1829,FALSE,""
"",699,19.1829,FALSE,""
"",700,20.1829,FALSE,""
"",701,21.1829,FALSE,""
"",702,22.1829,FALSE,""
Rangiriri Bridge  to End of Parker Rd ,702.9293,21 km,FALSE,""
"",703,0.0707,FALSE,""
"",704,1.0707,FALSE,""
"",705,2.0707,FALSE,""
"",706,3.0707,FALSE,""
"",707,4.0707,FALSE,""
"",708,5.0707,FALSE,""
"",709,6.0707,FALSE,""
"",710,7.0707,FALSE,""
"",711,8.0707,FALSE,""
"",712,9.0707,FALSE,""
"",713,10.0707,FALSE,""
"",714,11.0707,FALSE,""
"",715,12.0707,FALSE,""
"",716,13.0707,FALSE,""
"",717,14.0707,FALSE,""
"",718,15.0707,FALSE,""
"",719,16.0707,FALSE,""
"",720,17.0707,FALSE,""
"",721,18.0707,FALSE,""
"",722,19.0707,FALSE,""
"",723,20.0707,FALSE,""
"",724,21.0707,FALSE,""
End of Parker Rd  to Waingaro Rd,724.31274,12 km,FALSE,""
"",725,0.68726,FALSE,""
"",726,1.68726,FALSE,""
"",727,2.68726,FALSE,""
"",728,3.68726,FALSE,""
"",729,4.68726,FALSE,""
"",730,5.68726,FALSE,""
"",731,6.68726,FALSE,""
"",732,7.68726,FALSE,""
"",733,8.68726,FALSE,""
"",734,9.68726,FALSE,""
"",735,10.68726,FALSE,""
Waingaro Rd to Pukete Rd ,735.82904,23 km,FALSE,""
"",736,0.17096,FALSE,""
"",737,1.17096,FALSE,""
"",738,2.17096,FALSE,""
"",739,3.17096,FALSE,""
"",740,4.17096,FALSE,""
"",741,5.17096,FALSE,""
"",742,6.17096,FALSE,""
"",743,7.17096,FALSE,""
"",744,8.17096,FALSE,""
"",745,9.17096,FALSE,""
"",746,10.17096,FALSE,""
"",747,11.17096,FALSE,""
"",748,12.17096,FALSE,""
"",749,13.17096,FALSE,""
"",750,14.17096,FALSE,""
"",751,15.17096,FALSE,""
"",752,16.17096,FALSE,""
"",753,17.17096,FALSE,""
"",754,18.17096,FALSE,""
"",755,19.17096,FALSE,""
"",756,20.17096,FALSE,""
"",757,21.17096,FALSE,""
"",758,22.17096,FALSE,""
Pukete Rd  to Taitua Arboretum ,758.55554,9 km,FALSE,""
"",759,0.44446,FALSE,""
"",760,1.44446,FALSE,""
"",761,2.44446,FALSE,""
"",762,3.44446,FALSE,""
"",763,4.44446,FALSE,""
"",764,5.44446,FALSE,""
"",765,6.44446,FALSE,""
"",766,7.44446,FALSE,""
"",767,8.44446,FALSE,""
Taitua Arboretum  to Pirongia West Rd/Omanawa Stream ,767.9322,24 km,FALSE,""
"",768,0.0678,FALSE,""
"",769,1.0678,FALSE,""
"",770,2.0678,FALSE,""
"",771,3.0678,FALSE,""
"",772,4.0678,FALSE,""
"",773,5.0678,FALSE,""
"",774,6.0678,FALSE,""
"",775,7.0678,FALSE,""
"",776,8.0678,FALSE,""
"",777,9.0678,FALSE,""
"",778,10.0678,FALSE,""
"",779,11.0678,FALSE,""
"",780,12.0678,FALSE,""
"",781,13.0678,FALSE,""
"",782,14.0678,FALSE,""
"",783,15.0678,FALSE,""
"",784,16.0678,FALSE,""
"",785,17.0678,FALSE,""
"",786,18.0678,FALSE,""
"",787,19.0678,FALSE,""
"",788,20.0678,FALSE,""
"",789,21.0678,FALSE,""
"",790,22.0678,FALSE,""
"",791,23.0678,FALSE,""
Pirongia West Rd/Omanawa Stream  to Limestone Loop Road ,791.7519,14 km,FALSE,""
"",792,0.2481,FALSE,""
"",793,1.2481,FALSE,""
"",794,2.2481,FALSE,""
"",795,3.2481,FALSE,""
"",796,4.2481,FALSE,""
"",797,5.2481,FALSE,""
"",798,6.2481,FALSE,""
"",799,7.2481,FALSE,""
"",800,8.2481,FALSE,""
"",801,9.2481,FALSE,""
"",802,10.2481,FALSE,""
"",803,11.2481,FALSE,""
"",804,12.2481,FALSE,""
"",805,13.2481,FALSE,""
Limestone Loop Road  to Waitomo Walkway ,805.5242,32 km,FALSE,""
"",806,0.4758,FALSE,""
"",807,1.4758,FALSE,""
"",808,2.4758,FALSE,""
"",809,3.4758,FALSE,""
"",810,4.4758,FALSE,""
"",811,5.4758,FALSE,""
"",812,6.4758,FALSE,""
"",813,7.4758,FALSE,""
"",814,8.4758,FALSE,""
"",815,9.4758,FALSE,""
"",816,10.4758,FALSE,""
"",817,11.4758,FALSE,""
"",818,12.4758,FALSE,""
"",819,13.4758,FALSE,""
"",820,14.4758,FALSE,""
"",821,15.4758,FALSE,""
"",822,16.4758,FALSE,""
"",823,17.4758,FALSE,""
"",824,18.4758,FALSE,""
"",825,19.4758,FALSE,""
"",826,20.4758,FALSE,""
"",827,21.4758,FALSE,""
"",828,22.4758,FALSE,""
"",829,23.4758,FALSE,""
"",830,24.4758,FALSE,""
"",831,25.4758,FALSE,""
"",832,26.4758,FALSE,""
"",833,27.4758,FALSE,""
"",834,28.4758,FALSE,""
"",835,29.4758,FALSE,""
"",836,30.4758,FALSE,""
"",837,31.4758,FALSE,""
Waitomo Walkway  to Rora St ,837.62317,35 km,FALSE,""
"",838,0.37683,FALSE,""
"",839,1.37683,FALSE,""
"",840,2.37683,FALSE,""
"",841,3.37683,FALSE,""
"",842,4.37683,FALSE,""
"",843,5.37683,FALSE,""
"",844,6.37683,FALSE,""
"",845,7.37683,FALSE,""
"",846,8.37683,FALSE,""
"",847,9.37683,FALSE,""
"",848,10.37683,FALSE,""
"",849,11.37683,FALSE,""
"",850,12.37683,FALSE,""
"",851,13.37683,FALSE,""
"",852,14.37683,FALSE,""
"",853,15.37683,FALSE,""
"",854,16.37683,FALSE,""
"",855,17.37683,FALSE,""
"",856,18.37683,FALSE,""
"",857,19.37683,FALSE,""
"",858,20.37683,FALSE,""
"",859,21.37683,FALSE,""
"",860,22.37683,FALSE,""
"",861,23.37683,FALSE,""
"",862,24.37683,FALSE,""
"",863,25.37683,FALSE,""
"",864,26.37683,FALSE,""
"",865,27.37683,FALSE,""
"",866,28.37683,FALSE,""
"",867,29.37683,FALSE,""
"",868,30.37683,FALSE,""
"",869,31.37683,FALSE,""
"",870,32.37683,FALSE,""
"",871,33.37683,FALSE,""
"",872,34.37683,FALSE,""
Rora St  to Pureora Forest HQ ,872.3527,55 km,FALSE,""
"",873,0.6473,FALSE,""
"",874,1.6473,FALSE,""
"",875,2.6473,FALSE,""
"",876,3.6473,FALSE,""
"",877,4.6473,FALSE,""
"",878,5.6473,FALSE,""
"",879,6.6473,FALSE,""
"",880,7.6473,FALSE,""
"",881,8.6473,FALSE,""
"",882,9.6473,FALSE,""
"",883,10.6473,FALSE,""
"",884,11.6473,FALSE,""
"",885,12.6473,FALSE,""
"",886,13.6473,FALSE,""
"",887,14.6473,FALSE,""
"",888,15.6473,FALSE,""
"",889,16.6473,FALSE,""
"",890,17.6473,FALSE,""
"",891,18.6473,FALSE,""
"",892,19.6473,FALSE,""
"",893,20.6473,FALSE,""
"",894,21.6473,FALSE,""
"",895,22.6473,FALSE,""
"",896,23.6473,FALSE,""
"",897,24.6473,FALSE,""
"",898,25.6473,FALSE,""
"",899,26.6473,FALSE,""
"",900,27.6473,FALSE,""
"",901,28.6473,FALSE,""
"",902,29.6473,FALSE,""
"",903,30.6473,FALSE,""
"",904,31.6473,FALSE,""
"",905,32.6473,FALSE,""
"",906,33.6473,FALSE,""
"",907,34.6473,FALSE,""
"",908,35.6473,FALSE,""
"",909,36.6473,FALSE,""
"",910,37.6473,FALSE,""
"",911,38.6473,FALSE,""
"",912,39.6473,FALSE,""
"",913,40.6473,FALSE,""
"",914,41.6473,FALSE,""
"",915,42.6473,FALSE,""
"",916,43.6473,FALSE,""
"",917,44.6473,FALSE,""
"",918,45.6473,FALSE,""
"",919,46.6473,FALSE,""
"",920,47.6473,FALSE,""
"",921,48.6473,FALSE,""
"",922,49.6473,FALSE,""
"",923,50.6473,FALSE,""
"",924,51.6473,FALSE,""
"",925,52.6473,FALSE,""
"",926,53.6473,FALSE,""
"",927,54.6473,FALSE,""
Pureora Forest HQ  to Ongarue,927.3124,81 km,FALSE,""
"",928,0.6876,FALSE,""
"",929,1.6876,FALSE,""
"",930,2.6876,FALSE,""
"",931,3.6876,FALSE,""
"",932,4.6876,FALSE,""
"",933,5.6876,FALSE,""
"",934,6.6876,FALSE,""
"",935,7.6876,FALSE,""
"",936,8.6876,FALSE,""
"",937,9.6876,FALSE,""
"",938,10.6876,FALSE,""
"",939,11.6876,FALSE,""
"",940,12.6876,FALSE,""
"",941,13.6876,FALSE,""
"",942,14.6876,FALSE,""
"",943,15.6876,FALSE,""
"",944,16.6876,FALSE,""
"",945,17.6876,FALSE,""
"",946,18.6876,FALSE,""
"",947,19.6876,FALSE,""
"",948,20.6876,FALSE,""
"",949,21.6876,FALSE,""
"",950,22.6876,FALSE,""
"",951,23.6876,FALSE,""
"",952,24.6876,FALSE,""
"",953,25.6876,FALSE,""
"",954,26.6876,FALSE,""
"",955,27.6876,FALSE,""
"",956,28.6876,FALSE,""
"",957,29.6876,FALSE,""
"",958,30.6876,FALSE,""
"",959,31.6876,FALSE,""
"",960,32.6876,FALSE,""
"",961,33.6876,FALSE,""
"",962,34.6876,FALSE,""
"",963,35.6876,FALSE,""
"",964,36.6876,FALSE,""
"",965,37.6876,FALSE,""
"",966,38.6876,FALSE,""
"",967,39.6876,FALSE,""
"",968,40.6876,FALSE,""
"",969,41.6876,FALSE,""
"",970,42.6876,FALSE,""
"",971,43.6876,FALSE,""
"",972,44.6876,FALSE,""
"",973,45.6876,FALSE,""
"",974,46.6876,FALSE,""
"",975,47.6876,FALSE,""
"",976,48.6876,FALSE,""
"",977,49.6876,FALSE,""
"",978,50.6876,FALSE,""
"",979,51.6876,FALSE,""
"",980,52.6876,FALSE,""
"",981,53.6876,FALSE,""
"",982,54.6876,FALSE,""
"",983,55.6876,FALSE,""
"",984,56.6876,FALSE,""
"",985,57.6876,FALSE,""
"",986,58.6876,FALSE,""
"",987,59.6876,FALSE,""
"",988,60.6876,FALSE,""
"",989,61.6876,FALSE,""
"",990,62.6876,FALSE,""
"",991,63.6876,FALSE,""
"",992,64.6876,FALSE,""
"",993,65.6876,FALSE,""
"",994,66.6876,FALSE,""
"",995,67.6876,FALSE,""
"",996,68.6876,FALSE,""
"",997,69.6876,FALSE,""
"",998,70.6876,FALSE,""
"",999,71.6876,FALSE,""
"",1000,72.6876,FALSE,""
"",1001,73.6876,FALSE,""
"",1002,74.6876,FALSE,""
"",1003,75.6876,FALSE,""
"",1004,76.6876,FALSE,""
"",1005,77.6876,FALSE,""
"",1006,78.6876,FALSE,""
"",1007,79.6876,FALSE,""
Ongarue to Hakiaha St (SH4) ,1007.8154,50 km,FALSE,""
"",1008,0.1846,FALSE,""
"",1009,1.1846,FALSE,""
"",1010,2.1846,FALSE,""
"",1011,3.1846,FALSE,""
"",1012,4.1846,FALSE,""
"",1013,5.1846,FALSE,""
"",1014,6.1846,FALSE,""
"",1015,7.1846,FALSE,""
"",1016,8.1846,FALSE,""
"",1017,9.1846,FALSE,""
"",1018,10.1846,FALSE,""
"",1019,11.1846,FALSE,""
"",1020,12.1846,FALSE,""
"",1021,13.1846,FALSE,""
"",1022,14.1846,FALSE,""
"",1023,15.1846,FALSE,""
"",1024,16.1846,FALSE,""
"",1025,17.1846,FALSE,""
"",1026,18.1846,FALSE,""
"",1027,19.1846,FALSE,""
"",1028,20.1846,FALSE,""
"",1029,21.1846,FALSE,""
"",1030,22.1846,FALSE,""
"",1031,23.1846,FALSE,""
"",1032,24.1846,FALSE,""
"",1033,25.1846,FALSE,""
"",1034,26.1846,FALSE,""
"",1035,27.1846,FALSE,""
"",1036,28.1846,FALSE,""
"",1037,29.1846,FALSE,""
"",1038,30.1846,FALSE,""
"",1039,31.1846,FALSE,""
"",1040,32.1846,FALSE,""
"",1041,33.1846,FALSE,""
"",1042,34.1846,FALSE,""
"",1043,35.1846,FALSE,""
"",1044,36.1846,FALSE,""
"",1045,37.1846,FALSE,""
"",1046,38.1846,FALSE,""
"",1047,39.1846,FALSE,""
"",1048,40.1846,FALSE,""
"",1049,41.1846,FALSE,""
"",1050,42.1846,FALSE,""
"",1051,43.1846,FALSE,""
"",1052,44.1846,FALSE,""
"",1053,45.1846,FALSE,""
"",1054,46.1846,FALSE,""
"",1055,47.1846,FALSE,""
"",1056,48.1846,FALSE,""
"",1057,49.1846,FALSE,""
"",1058,50.1846,FALSE,""
Hakiaha St (SH4)  to End of Ketetahi Rd,1058.3005,44 km,FALSE,""
"",1059,0.6995,FALSE,""
"",1060,1.6995,FALSE,""
"",1061,2.6995,FALSE,""
"",1062,3.6995,FALSE,""
"",1063,4.6995,FALSE,""
"",1064,5.6995,FALSE,""
"",1065,6.6995,FALSE,""
"",1066,7.6995,FALSE,""
"",1067,8.6995,FALSE,""
"",1068,9.6995,FALSE,""
"",1069,10.6995,FALSE,""
"",1070,11.6995,FALSE,""
"",1071,12.6995,FALSE,""
"",1072,13.6995,FALSE,""
"",1073,14.6995,FALSE,""
"",1074,15.6995,FALSE,""
"",1075,16.6995,FALSE,""
"",1076,17.6995,FALSE,""
"",1077,18.6995,FALSE,""
"",1078,19.6995,FALSE,""
"",1079,20.6995,FALSE,""
"",1080,21.6995,FALSE,""
"",1081,22.6995,FALSE,""
"",1082,23.6995,FALSE,""
"",1083,24.6995,FALSE,""
"",1084,25.6995,FALSE,""
"",1085,26.6995,FALSE,""
"",1086,27.6995,FALSE,""
"",1087,28.6995,FALSE,""
"",1088,29.6995,FALSE,""
"",1089,30.6995,FALSE,""
"",1090,31.6995,FALSE,""
"",1091,32.6995,FALSE,""
"",1092,33.6995,FALSE,""
"",1093,34.6995,FALSE,""
"",1094,35.6995,FALSE,""
"",1095,36.6995,FALSE,""
"",1096,37.6995,FALSE,""
"",1097,38.6995,FALSE,""
"",1098,39.6995,FALSE,""
"",1099,40.6995,FALSE,""
"",1100,41.6995,FALSE,""
"",1101,42.6995,FALSE,""
"",1102,43.6995,FALSE,""
End of Ketetahi Rd to Mangatepopo Track,1102.7703,19 km,FALSE,""
"",1103,0.2297,FALSE,""
"",1104,1.2297,FALSE,""
"",1105,2.2297,FALSE,""
"",1106,3.2297,FALSE,""
"",1107,4.2297,FALSE,""
"",1108,5.2297,FALSE,""
"",1109,6.2297,FALSE,""
"",1110,7.2297,FALSE,""
"",1111,8.2297,FALSE,""
"",1112,9.2297,FALSE,""
"",1113,10.2297,FALSE,""
"",1114,11.2297,FALSE,""
"",1115,12.2297,FALSE,""
"",1116,13.2297,FALSE,""
"",1117,14.2297,FALSE,""
"",1118,15.2297,FALSE,""
"",1119,16.2297,FALSE,""
"",1120,17.2297,FALSE,""
"",1121,18.2297,FALSE,""
Mangatepopo Track to Nat Pk Railway Station ,1121.4463,30 km,FALSE,""
"",1122,0.5537,FALSE,""
"",1123,1.5537,FALSE,""
"",1124,2.5537,FALSE,""
"",1125,3.5537,FALSE,""
"",1126,4.5537,FALSE,""
"",1127,5.5537,FALSE,""
"",1128,6.5537,FALSE,""
"",1129,7.5537,FALSE,""
"",1130,8.5537,FALSE,""
"",1131,9.5537,FALSE,""
"",1132,10.5537,FALSE,""
"",1133,11.5537,FALSE,""
"",1134,12.5537,FALSE,""
"",1135,13.5537,FALSE,""
"",1136,14.5537,FALSE,""
"",1137,15.5537,FALSE,""
"",1138,16.5537,FALSE,""
"",1139,17.5537,FALSE,""
"",1140,18.5537,FALSE,""
"",1141,19.5537,FALSE,""
"",1142,20.5537,FALSE,""
"",1143,21.5537,FALSE,""
"",1144,22.5537,FALSE,""
"",1145,23.5537,FALSE,""
"",1146,24.5537,FALSE,""
"",1147,25.5537,FALSE,""
"",1148,26.5537,FALSE,""
"",1149,27.5537,FALSE,""
"",1150,28.5537,FALSE,""
"",1151,29.5537,FALSE,""
Nat Pk Railway Station  to Mangapurua Landing ,1151.413,88 km,FALSE,""
"",1152,0.587,FALSE,""
"",1153,1.587,FALSE,""
"",1154,2.587,FALSE,""
"",1155,3.587,FALSE,""
"",1156,4.587,FALSE,""
"",1157,5.587,FALSE,""
"",1158,6.587,FALSE,""
"",1159,7.587,FALSE,""
"",1160,8.587,FALSE,""
"",1161,9.587,FALSE,""
"",1162,10.587,FALSE,""
"",1163,11.587,FALSE,""
"",1164,12.587,FALSE,""
"",1165,13.587,FALSE,""
"",1166,14.587,FALSE,""
"",1167,15.587,FALSE,""
"",1168,16.587,FALSE,""
"",1169,17.587,FALSE,""
"",1170,18.587,FALSE,""
"",1171,19.587,FALSE,""
"",1172,20.587,FALSE,""
"",1173,21.587,FALSE,""
"",1174,22.587,FALSE,""
"",1175,23.587,FALSE,""
"",1176,24.587,FALSE,""
"",1177,25.587,FALSE,""
"",1178,26.587,FALSE,""
"",1179,27.587,FALSE,""
"",1180,28.587,FALSE,""
"",1181,29.587,FALSE,""
"",1182,30.587,FALSE,""
"",1183,31.587,FALSE,""
"",1184,32.587,FALSE,""
"",1185,33.587,FALSE,""
"",1186,34.587,FALSE,""
"",1187,35.587,FALSE,""
"",1188,36.587,FALSE,""
"",1189,37.587,FALSE,""
"",1190,38.587,FALSE,""
"",1191,39.587,FALSE,""
"",1192,40.587,FALSE,""
"",1193,41.587,FALSE,""
"",1194,42.587,FALSE,""
"",1195,43.587,FALSE,""
"",1196,44.587,FALSE,""
"",1197,45.587,FALSE,""
"",1198,46.587,FALSE,""
"",1199,47.587,FALSE,""
"",1200,48.587,FALSE,""
"",1201,49.587,FALSE,""
"",1202,50.587,FALSE,""
"",1203,51.587,FALSE,""
"",1204,52.587,FALSE,""
"",1205,53.587,FALSE,""
"",1206,54.587,FALSE,""
"",1207,55.587,FALSE,""
"",1208,56.587,FALSE,""
"",1209,57.587,FALSE,""
"",1210,58.587,FALSE,""
"",1211,59.587,FALSE,""
"",1212,60.587,FALSE,""
"",1213,61.587,FALSE,""
"",1214,62.587,FALSE,""
"",1215,63.587,FALSE,""
"",1216,64.587,FALSE,""
"",1217,65.587,FALSE,""
"",1218,66.587,FALSE,""
"",1219,67.587,FALSE,""
"",1220,68.587,FALSE,""
"",1221,69.587,FALSE,""
"",1222,70.587,FALSE,""
"",1223,71.587,FALSE,""
"",1224,72.587,FALSE,""
"",1225,73.587,FALSE,""
"",1226,74.587,FALSE,""
"",1227,75.587,FALSE,""
"",1228,76.587,FALSE,""
"",1229,77.587,FALSE,""
"",1230,78.587,FALSE,""
"",1231,79.587,FALSE,""
"",1232,80.587,FALSE,""
"",1233,81.587,FALSE,""
"",1234,82.587,FALSE,""
"",1235,83.587,FALSE,""
"",1236,84.587,FALSE,""
"",1237,85.587,FALSE,""
"",1238,86.587,FALSE,""
"",1239,87.587,FALSE,""
Mangapurua Landing  to Wanganui Motor Boat Club ,1239.5299,122 km,FALSE,""
"",1240,0.4701,FALSE,""
"",1241,1.4701,FALSE,""
"",1242,2.4701,FALSE,""
"",1243,3.4701,FALSE,""
"",1244,4.4701,FALSE,""
"",1245,5.4701,FALSE,""
"",1246,6.4701,FALSE,""
"",1247,7.4701,FALSE,""
"",1248,8.4701,FALSE,""
"",1249,9.4701,FALSE,""
"",1250,10.4701,FALSE,""
"",1251,11.4701,FALSE,""
"",1252,12.4701,FALSE,""
"",1253,13.4701,FALSE,""
"",1254,14.4701,FALSE,""
"",1255,15.4701,FALSE,""
"",1256,16.4701,FALSE,""
"",1257,17.4701,FALSE,""
"",1258,18.4701,FALSE,""
"",1259,19.4701,FALSE,""
"",1260,20.4701,FALSE,""
"",1261,21.4701,FALSE,""
"",1262,22.4701,FALSE,""
"",1263,23.4701,FALSE,""
"",1264,24.4701,FALSE,""
"",1265,25.4701,FALSE,""
"",1266,26.4701,FALSE,""
"",1267,27.4701,FALSE,""
"",1268,28.4701,FALSE,""
"",1269,29.4701,FALSE,""
"",1270,30.4701,FALSE,""
"",1271,31.4701,FALSE,""
"",1272,32.4701,FALSE,""
"",1273,33.4701,FALSE,""
"",1274,34.4701,FALSE,""
"",1275,35.4701,FALSE,""
"",1276,36.4701,FALSE,""
"",1277,37.4701,FALSE,""
"",1278,38.4701,FALSE,""
"",1279,39.4701,FALSE,""
"",1280,40.4701,FALSE,""
"",1281,41.4701,FALSE,""
"",1282,42.4701,FALSE,""
"",1283,43.4701,FALSE,""
"",1284,44.4701,FALSE,""
"",1285,45.4701,FALSE,""
"",1286,46.4701,FALSE,""
"",1287,47.4701,FALSE,""
"",1288,48.4701,FALSE,""
"",1289,49.4701,FALSE,""
"",1290,50.4701,FALSE,""
"",1291,51.4701,FALSE,""
"",1292,52.4701,FALSE,""
"",1293,53.4701,FALSE,""
"",1294,54.4701,FALSE,""
"",1295,55.4701,FALSE,""
"",1296,56.4701,FALSE,""
"",1297,57.4701,FALSE,""
"",1298,58.4701,FALSE,""
"",1299,59.4701,FALSE,""
"",1300,60.4701,FALSE,""
"",1301,61.4701,FALSE,""
"",1302,62.4701,FALSE,""
"",1303,63.4701,FALSE,""
"",1304,64.4701,FALSE,""
"",1305,65.4701,FALSE,""
"",1306,66.4701,FALSE,""
"",1307,67.4701,FALSE,""
"",1308,68.4701,FALSE,""
"",1309,69.4701,FALSE,""
"",1310,70.4701,FALSE,""
"",1311,71.4701,FALSE,""
"",1312,72.4701,FALSE,""
"",1313,73.4701,FALSE,""
"",1314,74.4701,FALSE,""
"",1315,75.4701,FALSE,""
"",1316,76.4701,FALSE,""
"",1317,77.4701,FALSE,""
"",1318,78.4701,FALSE,""
"",1319,79.4701,FALSE,""
"",1320,80.4701,FALSE,""
"",1321,81.4701,FALSE,""
"",1322,82.4701,FALSE,""
"",1323,83.4701,FALSE,""
"",1324,84.4701,FALSE,""
"",1325,85.4701,FALSE,""
"",1326,86.4701,FALSE,""
"",1327,87.4701,FALSE,""
"",1328,88.4701,FALSE,""
"",1329,89.4701,FALSE,""
"",1330,90.4701,FALSE,""
"",1331,91.4701,FALSE,""
"",1332,92.4701,FALSE,""
"",1333,93.4701,FALSE,""
"",1334,94.4701,FALSE,""
"",1335,95.4701,FALSE,""
"",1336,96.4701,FALSE,""
"",1337,97.4701,FALSE,""
"",1338,98.4701,FALSE,""
"",1339,99.4701,FALSE,""
"",1340,100.4701,FALSE,""
"",1341,101.4701,FALSE,""
"",1342,102.4701,FALSE,""
"",1343,103.4701,FALSE,""
"",1344,104.4701,FALSE,""
"",1345,105.4701,FALSE,""
"",1346,106.4701,FALSE,""
"",1347,107.4701,FALSE,""
"",1348,108.4701,FALSE,""
"",1349,109.4701,FALSE,""
"",1350,110.4701,FALSE,""
"",1351,111.4701,FALSE,""
"",1352,112.4701,FALSE,""
"",1353,113.4701,FALSE,""
"",1354,114.4701,FALSE,""
"",1355,115.4701,FALSE,""
"",1356,116.4701,FALSE,""
"",1357,117.4701,FALSE,""
"",1358,118.4701,FALSE,""
"",1359,119.4701,FALSE,""
"",1360,120.4701,FALSE,""
"",1361,121.4701,FALSE,""
Wanganui Motor Boat Club  to High St/SH3 ,1361.2545,62 km,FALSE,""
"",1362,0.7455,FALSE,""
"",1363,1.7455,FALSE,""
"",1364,2.7455,FALSE,""
"",1365,3.7455,FALSE,""
"",1366,4.7455,FALSE,""
"",1367,5.7455,FALSE,""
"",1368,6.7455,FALSE,""
"",1369,7.7455,FALSE,""
"",1370,8.7455,FALSE,""
"",1371,9.7455,FALSE,""
"",1372,10.7455,FALSE,""
"",1373,11.7455,FALSE,""
"",1374,12.7455,FALSE,""
"",1375,13.7455,FALSE,""
"",1376,14.7455,FALSE,""
"",1377,15.7455,FALSE,""
"",1378,16.7455,FALSE,""
"",1379,17.7455,FALSE,""
"",1380,18.7455,FALSE,""
"",1381,19.7455,FALSE,""
"",1382,20.7455,FALSE,""
"",1383,21.7455,FALSE,""
"",1384,22.7455,FALSE,""
"",1385,23.7455,FALSE,""
"",1386,24.7455,FALSE,""
"",1387,25.7455,FALSE,""
"",1388,26.7455,FALSE,""
"",1389,27.7455,FALSE,""
"",1390,28.7455,FALSE,""
"",1391,29.7455,FALSE,""
"",1392,30.7455,FALSE,""
"",1393,31.7455,FALSE,""
"",1394,32.7455,FALSE,""
"",1395,33.7455,FALSE,""
"",1396,34.7455,FALSE,""
"",1397,35.7455,FALSE,""
"",1398,36.7455,FALSE,""
"",1399,37.7455,FALSE,""
"",1400,38.7455,FALSE,""
"",1401,39.7455,FALSE,""
"",1402,40.7455,FALSE,""
"",1403,41.7455,FALSE,""
"",1404,42.7455,FALSE,""
"",1405,43.7455,FALSE,""
"",1406,44.7455,FALSE,""
"",1407,45.7455,FALSE,""
"",1408,46.7455,FALSE,""
"",1409,47.7455,FALSE,""
"",1410,48.7455,FALSE,""
"",1411,49.7455,FALSE,""
"",1412,50.7455,FALSE,""
"",1413,51.7455,FALSE,""
"",1414,52.7455,FALSE,""
"",1415,53.7455,FALSE,""
"",1416,54.7455,FALSE,""
"",1417,55.7455,FALSE,""
"",1418,56.7455,FALSE,""
"",1419,57.7455,FALSE,""
"",1420,58.7455,FALSE,""
"",1421,59.7455,FALSE,""
"",1422,60.7455,FALSE,""
High St/SH3  to Kowhai Park  South St ,1422.9421,20 km,FALSE,""
"",1423,0.0579,FALSE,""
"",1424,1.0579,FALSE,""
"",1425,2.0579,FALSE,""
"",1426,3.0579,FALSE,""
"",1427,4.0579,FALSE,""
"",1428,5.0579,FALSE,""
"",1429,6.0579,FALSE,""
"",1430,7.0579,FALSE,""
"",1431,8.0579,FALSE,""
"",1432,9.0579,FALSE,""
"",1433,10.0579,FALSE,""
"",1434,11.0579,FALSE,""
"",1435,12.0579,FALSE,""
"",1436,13.0579,FALSE,""
"",1437,14.0579,FALSE,""
"",1438,15.0579,FALSE,""
"",1439,16.0579,FALSE,""
"",1440,17.0579,FALSE,""
"",1441,18.0579,FALSE,""
"",1442,19.0579,FALSE,""
"",1443,20.0579,FALSE,""
Kowhai Park  South St  to End of Riverside Dr ,1443.0553,22 km,FALSE,""
"",1444,0.9447,FALSE,""
"",1445,1.9447,FALSE,""
"",1446,2.9447,FALSE,""
"",1447,3.9447,FALSE,""
"",1448,4.9447,FALSE,""
"",1449,5.9447,FALSE,""
"",1450,6.9447,FALSE,""
"",1451,7.9447,FALSE,""
"",1452,8.9447,FALSE,""
"",1453,9.9447,FALSE,""
"",1454,10.9447,FALSE,""
"",1455,11.9447,FALSE,""
"",1456,12.9447,FALSE,""
"",1457,13.9447,FALSE,""
"",1458,14.9447,FALSE,""
"",1459,15.9447,FALSE,""
"",1460,16.9447,FALSE,""
"",1461,17.9447,FALSE,""
"",1462,18.9447,FALSE,""
"",1463,19.9447,FALSE,""
"",1464,20.9447,FALSE,""
End of Riverside Dr  to Old West Rd ,1464.9869,26 km,FALSE,""
"",1465,0.0131,FALSE,""
"",1466,1.0131,FALSE,""
"",1467,2.0131,FALSE,""
"",1468,3.0131,FALSE,""
"",1469,4.0131,FALSE,""
"",1470,5.0131,FALSE,""
"",1471,6.0131,FALSE,""
"",1472,7.0131,FALSE,""
"",1473,8.0131,FALSE,""
"",1474,9.0131,FALSE,""
"",1475,10.0131,FALSE,""
"",1476,11.0131,FALSE,""
"",1477,12.0131,FALSE,""
"",1478,13.0131,FALSE,""
"",1479,14.0131,FALSE,""
"",1480,15.0131,FALSE,""
"",1481,16.0131,FALSE,""
"",1482,17.0131,FALSE,""
"",1483,18.0131,FALSE,""
"",1484,19.0131,FALSE,""
"",1485,20.0131,FALSE,""
"",1486,21.0131,FALSE,""
"",1487,22.0131,FALSE,""
"",1488,23.0131,FALSE,""
"",1489,24.0131,FALSE,""
"",1490,25.0131,FALSE,""
Old West Rd  to Gladstone/Poads Rds ,1490.5508,39 km,FALSE,""
"",1491,0.4492,FALSE,""
"",1492,1.4492,FALSE,""
"",1493,2.4492,FALSE,""
"",1494,3.4492,FALSE,""
"",1495,4.4492,FALSE,""
"",1496,5.4492,FALSE,""
"",1497,6.4492,FALSE,""
"",1498,7.4492,FALSE,""
"",1499,8.4492,FALSE,""
"",1500,9.4492,FALSE,""
"",1501,10.4492,FALSE,""
"",1502,11.4492,FALSE,""
"",1503,12.4492,FALSE,""
"",1504,13.4492,FALSE,""
"",1505,14.4492,FALSE,""
"",1506,15.4492,FALSE,""
"",1507,16.4492,FALSE,""
"",1508,17.4492,FALSE,""
"",1509,18.4492,FALSE,""
"",1510,19.4492,FALSE,""
"",1511,20.4492,FALSE,""
"",1512,21.4492,FALSE,""
"",1513,22.4492,FALSE,""
"",1514,23.4492,FALSE,""
"",1515,24.4492,FALSE,""
"",1516,25.4492,FALSE,""
"",1517,26.4492,FALSE,""
"",1518,27.4492,FALSE,""
"",1519,28.4492,FALSE,""
"",1520,29.4492,FALSE,""
"",1521,30.4492,FALSE,""
"",1522,31.4492,FALSE,""
"",1523,32.4492,FALSE,""
"",1524,33.4492,FALSE,""
"",1525,34.4492,FALSE,""
"",1526,35.4492,FALSE,""
"",1527,36.4492,FALSE,""
"",1528,37.4492,FALSE,""
"",1529,38.4492,FALSE,""
Gladstone/Poads Rds  to Otaki Forks ,1529.531,43 km,FALSE,""
"",1530,0.469,FALSE,""
"",1531,1.469,FALSE,""
"",1532,2.469,FALSE,""
"",1533,3.469,FALSE,""
"",1534,4.469,FALSE,""
"",1535,5.469,FALSE,""
"",1536,6.469,FALSE,""
"",1537,7.469,FALSE,""
"",1538,8.469,FALSE,""
"",1539,9.469,FALSE,""
"",1540,10.469,FALSE,""
"",1541,11.469,FALSE,""
"",1542,12.469,FALSE,""
"",1543,13.469,FALSE,""
"",1544,14.469,FALSE,""
"",1545,15.469,FALSE,""
"",1546,16.469,FALSE,""
"",1547,17.469,FALSE,""
"",1548,18.469,FALSE,""
"",1549,19.469,FALSE,""
"",1550,20.469,FALSE,""
"",1551,21.469,FALSE,""
"",1552,22.469,FALSE,""
"",1553,23.469,FALSE,""
"",1554,24.469,FALSE,""
"",1555,25.469,FALSE,""
"",1556,26.469,FALSE,""
"",1557,27.469,FALSE,""
"",1558,28.469,FALSE,""
"",1559,29.469,FALSE,""
"",1560,30.469,FALSE,""
"",1561,31.469,FALSE,""
"",1562,32.469,FALSE,""
"",1563,33.469,FALSE,""
"",1564,34.469,FALSE,""
"",1565,35.469,FALSE,""
"",1566,36.469,FALSE,""
"",1567,37.469,FALSE,""
"",1568,38.469,FALSE,""
"",1569,39.469,FALSE,""
"",1570,40.469,FALSE,""
"",1571,41.469,FALSE,""
"",1572,42.469,FALSE,""
"",1573,43.469,FALSE,""
Otaki Forks  to Waikanae River Bridge SH1 ,1573.012,25 km,FALSE,""
"",1574,0.988,FALSE,""
"",1575,1.988,FALSE,""
"",1576,2.988,FALSE,""
"",1577,3.988,FALSE,""
"",1578,4.988,FALSE,""
"",1579,5.988,FALSE,""
"",1580,6.988,FALSE,""
"",1581,7.988,FALSE,""
"",1582,8.988,FALSE,""
"",1583,9.988,FALSE,""
"",1584,10.988,FALSE,""
"",1585,11.988,FALSE,""
"",1586,12.988,FALSE,""
"",1587,13.988,FALSE,""
"",1588,14.988,FALSE,""
"",1589,15.988,FALSE,""
"",1590,16.988,FALSE,""
"",1591,17.988,FALSE,""
"",1592,18.988,FALSE,""
"",1593,19.988,FALSE,""
"",1594,20.988,FALSE,""
"",1595,21.988,FALSE,""
"",1596,22.988,FALSE,""
"",1597,23.988,FALSE,""
Waikanae River Bridge SH1  to Teihana Rd ,1597.6967,32 km,FALSE,""
"",1598,0.3033,FALSE,""
"",1599,1.3033,FALSE,""
"",1600,2.3033,FALSE,""
"",1601,3.3033,FALSE,""
"",1602,4.3033,FALSE,""
"",1603,5.3033,FALSE,""
"",1604,6.3033,FALSE,""
"",1605,7.3033,FALSE,""
"",1606,8.3033,FALSE,""
"",1607,9.3033,FALSE,""
"",1608,10.3033,FALSE,""
"",1609,11.3033,FALSE,""
"",1610,12.3033,FALSE,""
"",1611,13.3033,FALSE,""
"",1612,14.3033,FALSE,""
"",1613,15.3033,FALSE,""
"",1614,16.3033,FALSE,""
"",1615,17.3033,FALSE,""
"",1616,18.3033,FALSE,""
"",1617,19.3033,FALSE,""
"",1618,20.3033,FALSE,""
"",1619,21.3033,FALSE,""
"",1620,22.3033,FALSE,""
"",1621,23.3033,FALSE,""
"",1622,24.3033,FALSE,""
"",1623,25.3033,FALSE,""
"",1624,26.3033,FALSE,""
"",1625,27.3033,FALSE,""
"",1626,28.3033,FALSE,""
"",1627,29.3033,FALSE,""
"",1628,30.3033,FALSE,""
"",1629,31.3033,FALSE,""
Teihana Rd  to Station Rd ,1629.7748,6 km,FALSE,""
"",1630,0.2252,FALSE,""
"",1631,1.2252,FALSE,""
"",1632,2.2252,FALSE,""
"",1633,3.2252,FALSE,""
"",1634,4.2252,FALSE,""
"",1635,5.2252,FALSE,""
Station Rd  to Mt Kaukau ,1635.5825,22 km,FALSE,""
"",1636,0.4175,FALSE,""
"",1637,1.4175,FALSE,""
"",1638,2.4175,FALSE,""
"",1639,3.4175,FALSE,""
"",1640,4.4175,FALSE,""
"",1641,5.4175,FALSE,""
"",1642,6.4175,FALSE,""
"",1643,7.4175,FALSE,""
"",1644,8.4175,FALSE,""
"",1645,9.4175,FALSE,""
"",1646,10.4175,FALSE,""
"",1647,11.4175,FALSE,""
"",1648,12.4175,FALSE,""
"",1649,13.4175,FALSE,""
"",1650,14.4175,FALSE,""
"",1651,15.4175,FALSE,""
"",1652,16.4175,FALSE,""
"",1653,17.4175,FALSE,""
"",1654,18.4175,FALSE,""
"",1655,19.4175,FALSE,""
"",1656,20.4175,FALSE,""
"",1657,21.4175,FALSE,""
Mt Kaukau  to Cable Car  Botanic Gardens ,1657.5286,16 km,FALSE,""
"",1658,0.4714,FALSE,""
"",1659,1.4714,FALSE,""
"",1660,2.4714,FALSE,""
"",1661,3.4714,FALSE,""
"",1662,4.4714,FALSE,""
"",1663,5.4714,FALSE,""
"",1664,6.4714,FALSE,""
"",1665,7.4714,FALSE,""
"",1666,8.4714,FALSE,""
"",1667,9.4714,FALSE,""
"",1668,10.4714,FALSE,""
"",1669,11.4714,FALSE,""
"",1670,12.4714,FALSE,""
"",1671,13.4714,FALSE,""
"",1672,14.4714,FALSE,""
"",1673,15.4714,FALSE,""
Cable Car  Botanic Gardens  to Oriental Parade/Carlton ,1673.1172,5 km,FALSE,""
"",1674,0.8828,FALSE,""
"",1675,1.8828,FALSE,""
"",1676,2.8828,FALSE,""
"",1677,3.8828,FALSE,""
"",1678,4.8828,FALSE,""
Oriental Parade/Carlton  to Oriental Parade/Carlton ,1678.5204,10 km,FALSE,""
"",1679,0.4796,FALSE,""
"",1680,1.4796,FALSE,""
"",1681,2.4796,FALSE,""
"",1682,3.4796,FALSE,""
"",1683,4.4796,FALSE,""
"",1684,5.4796,FALSE,""
"",1685,6.4796,FALSE,""
"",1686,7.4796,FALSE,""
"",1687,8.4796,FALSE,""
"",1688,9.4796,FALSE,""
Ship Cove  to End of Anakiwa Rd ,1688.783,72 km,FALSE,""
"",1689,0.217,FALSE,""
"",1690,1.217,FALSE,""
"",1691,2.217,FALSE,""
"",1692,3.217,FALSE,""
"",1693,4.217,FALSE,""
"",1694,5.217,FALSE,""
"",1695,6.217,FALSE,""
"",1696,7.217,FALSE,""
"",1697,8.217,FALSE,""
"",1698,9.217,FALSE,""
"",1699,10.217,FALSE,""
"",1700,11.217,FALSE,""
"",1701,12.217,FALSE,""
"",1702,13.217,FALSE,""
"",1703,14.217,FALSE,""
"",1704,15.217,FALSE,""
"",1705,16.217,FALSE,""
"",1706,17.217,FALSE,""
"",1707,18.217,FALSE,""
"",1708,19.217,FALSE,""
"",1709,20.217,FALSE,""
"",1710,21.217,FALSE,""
"",1711,22.217,FALSE,""
"",1712,23.217,FALSE,""
"",1713,24.217,FALSE,""
"",1714,25.217,FALSE,""
"",1715,26.217,FALSE,""
"",1716,27.217,FALSE,""
"",1717,28.217,FALSE,""
"",1718,29.217,FALSE,""
"",1719,30.217,FALSE,""
"",1720,31.217,FALSE,""
"",1721,32.217,FALSE,""
"",1722,33.217,FALSE,""
"",1723,34.217,FALSE,""
"",1724,35.217,FALSE,""
"",1725,36.217,FALSE,""
"",1726,37.217,FALSE,""
"",1727,38.217,FALSE,""
"",1728,39.217,FALSE,""
"",1729,40.217,FALSE,""
"",1730,41.217,FALSE,""
"",1731,42.217,FALSE,""
"",1732,43.217,FALSE,""
"",1733,44.217,FALSE,""
"",1734,45.217,FALSE,""
"",1735,46.217,FALSE,""
"",1736,47.217,FALSE,""
"",1737,48.217,FALSE,""
"",1738,49.217,FALSE,""
"",1739,50.217,FALSE,""
"",1740,51.217,FALSE,""
"",1741,52.217,FALSE,""
"",1742,53.217,FALSE,""
"",1743,54.217,FALSE,""
"",1744,55.217,FALSE,""
"",1745,56.217,FALSE,""
"",1746,57.217,FALSE,""
"",1747,58.217,FALSE,""
"",1748,59.217,FALSE,""
"",1749,60.217,FALSE,""
"",1750,61.217,FALSE,""
"",1751,62.217,FALSE,""
"",1752,63.217,FALSE,""
"",1753,64.217,FALSE,""
"",1754,65.217,FALSE,""
"",1755,66.217,FALSE,""
"",1756,67.217,FALSE,""
"",1757,68.217,FALSE,""
"",1758,69.217,FALSE,""
"",1759,70.217,FALSE,""
"",1760,71.217,FALSE,""
"",1761,72.217,FALSE,""
End of Anakiwa Rd  to SH6/Maungatapu Rd ,1761.2119,4 km,FALSE,""
"",1762,0.7881,FALSE,""
"",1763,1.7881,FALSE,""
"",1764,2.7881,FALSE,""
"",1765,3.7881,FALSE,""
SH6/Maungatapu Rd  to Hacket Hut junction ,1765.2429,22 km,FALSE,""
"",1766,0.7571,FALSE,""
"",1767,1.7571,FALSE,""
"",1768,2.7571,FALSE,""
"",1769,3.7571,FALSE,""
"",1770,4.7571,FALSE,""
"",1771,5.7571,FALSE,""
"",1772,6.7571,FALSE,""
"",1773,7.7571,FALSE,""
"",1774,8.7571,FALSE,""
"",1775,9.7571,FALSE,""
"",1776,10.7571,FALSE,""
"",1777,11.7571,FALSE,""
"",1778,12.7571,FALSE,""
"",1779,13.7571,FALSE,""
"",1780,14.7571,FALSE,""
"",1781,15.7571,FALSE,""
"",1782,16.7571,FALSE,""
"",1783,17.7571,FALSE,""
"",1784,18.7571,FALSE,""
"",1785,19.7571,FALSE,""
"",1786,20.7571,FALSE,""
"",1787,21.7571,FALSE,""
Hacket Hut junction  to SH3  St Arnaud ,1787.6652,139 km,FALSE,""
"",1788,0.3348,FALSE,""
"",1789,1.3348,FALSE,""
"",1790,2.3348,FALSE,""
"",1791,3.3348,FALSE,""
"",1792,4.3348,FALSE,""
"",1793,5.3348,FALSE,""
"",1794,6.3348,FALSE,""
"",1795,7.3348,FALSE,""
"",1796,8.3348,FALSE,""
"",1797,9.3348,FALSE,""
"",1798,10.3348,FALSE,""
"",1799,11.3348,FALSE,""
"",1800,12.3348,FALSE,""
"",1801,13.3348,FALSE,""
"",1802,14.3348,FALSE,""
"",1803,15.3348,FALSE,""
"",1804,16.3348,FALSE,""
"",1805,17.3348,FALSE,""
"",1806,18.3348,FALSE,""
"",1807,19.3348,FALSE,""
"",1808,20.3348,FALSE,""
"",1809,21.3348,FALSE,""
"",1810,22.3348,FALSE,""
"",1811,23.3348,FALSE,""
"",1812,24.3348,FALSE,""
"",1813,25.3348,FALSE,""
"",1814,26.3348,FALSE,""
"",1815,27.3348,FALSE,""
"",1816,28.3348,FALSE,""
"",1817,29.3348,FALSE,""
"",1818,30.3348,FALSE,""
"",1819,31.3348,FALSE,""
"",1820,32.3348,FALSE,""
"",1821,33.3348,FALSE,""
"",1822,34.3348,FALSE,""
"",1823,35.3348,FALSE,""
"",1824,36.3348,FALSE,""
"",1825,37.3348,FALSE,""
"",1826,38.3348,FALSE,""
"",1827,39.3348,FALSE,""
"",1828,40.3348,FALSE,""
"",1829,41.3348,FALSE,""
"",1830,42.3348,FALSE,""
"",1831,43.3348,FALSE,""
"",1832,44.3348,FALSE,""
"",1833,45.3348,FALSE,""
"",1834,46.3348,FALSE,""
"",1835,47.3348,FALSE,""
"",1836,48.3348,FALSE,""
"",1837,49.3348,FALSE,""
"",1838,50.3348,FALSE,""
"",1839,51.3348,FALSE,""
"",1840,52.3348,FALSE,""
"",1841,53.3348,FALSE,""
"",1842,54.3348,FALSE,""
"",1843,55.3348,FALSE,""
"",1844,56.3348,FALSE,""
"",1845,57.3348,FALSE,""
"",1846,58.3348,FALSE,""
"",1847,59.3348,FALSE,""
"",1848,60.3348,FALSE,""
"",1849,61.3348,FALSE,""
"",1850,62.3348,FALSE,""
"",1851,63.3348,FALSE,""
"",1852,64.3348,FALSE,""
"",1853,65.3348,FALSE,""
"",1854,66.3348,FALSE,""
"",1855,67.3348,FALSE,""
"",1856,68.3348,FALSE,""
"",1857,69.3348,FALSE,""
"",1858,70.3348,FALSE,""
"",1859,71.3348,FALSE,""
"",1860,72.3348,FALSE,""
"",1861,73.3348,FALSE,""
"",1862,74.3348,FALSE,""
"",1863,75.3348,FALSE,""
"",1864,76.3348,FALSE,""
"",1865,77.3348,FALSE,""
"",1866,78.3348,FALSE,""
"",1867,79.3348,FALSE,""
"",1868,80.3348,FALSE,""
"",1869,81.3348,FALSE,""
"",1870,82.3348,FALSE,""
"",1871,83.3348,FALSE,""
"",1872,84.3348,FALSE,""
"",1873,85.3348,FALSE,""
"",1874,86.3348,FALSE,""
"",1875,87.3348,FALSE,""
"",1876,88.3348,FALSE,""
"",1877,89.3348,FALSE,""
"",1878,90.3348,FALSE,""
"",1879,91.3348,FALSE,""
"",1880,92.3348,FALSE,""
"",1881,93.3348,FALSE,""
"",1882,94.3348,FALSE,""
"",1883,95.3348,FALSE,""
"",1884,96.3348,FALSE,""
"",1885,97.3348,FALSE,""
"",1886,98.3348,FALSE,""
"",1887,99.3348,FALSE,""
"",1888,100.3348,FALSE,""
"",1889,101.3348,FALSE,""
"",1890,102.3348,FALSE,""
"",1891,103.3348,FALSE,""
"",1892,104.3348,FALSE,""
"",1893,105.3348,FALSE,""
"",1894,106.3348,FALSE,""
"",1895,107.3348,FALSE,""
"",1896,108.3348,FALSE,""
"",1897,109.3348,FALSE,""
"",1898,110.3348,FALSE,""
"",1899,111.3348,FALSE,""
"",1900,112.3348,FALSE,""
"",1901,113.3348,FALSE,""
"",1902,114.3348,FALSE,""
"",1903,115.3348,FALSE,""
"",1904,116.3348,FALSE,""
"",1905,117.3348,FALSE,""
"",1906,118.3348,FALSE,""
"",1907,119.3348,FALSE,""
"",1908,120.3348,FALSE,""
"",1909,121.3348,FALSE,""
"",1910,122.3348,FALSE,""
"",1911,123.3348,FALSE,""
"",1912,124.3348,FALSE,""
"",1913,125.3348,FALSE,""
"",1914,126.3348,FALSE,""
"",1915,127.3348,FALSE,""
"",1916,128.3348,FALSE,""
"",1917,129.3348,FALSE,""
"",1918,130.3348,FALSE,""
"",1919,131.3348,FALSE,""
"",1920,132.3348,FALSE,""
"",1921,133.3348,FALSE,""
"",1922,134.3348,FALSE,""
"",1923,135.3348,FALSE,""
"",1924,136.3348,FALSE,""
"",1925,137.3348,FALSE,""
"",1926,138.3348,FALSE,""
"",1927,139.3348,FALSE,""
SH3  St Arnaud  to Boyle Village ,1927.1119,123 km,FALSE,""
"",1928,0.8881,FALSE,""
"",1929,1.8881,FALSE,""
"",1930,2.8881,FALSE,""
"",1931,3.8881,FALSE,""
"",1932,4.8881,FALSE,""
"",1933,5.8881,FALSE,""
"",1934,6.8881,FALSE,""
"",1935,7.8881,FALSE,""
"",1936,8.8881,FALSE,""
"",1937,9.8881,FALSE,""
"",1938,10.8881,FALSE,""
"",1939,11.8881,FALSE,""
"",1940,12.8881,FALSE,""
"",1941,13.8881,FALSE,""
"",1942,14.8881,FALSE,""
"",1943,15.8881,FALSE,""
"",1944,16.8881,FALSE,""
"",1945,17.8881,FALSE,""
"",1946,18.8881,FALSE,""
"",1947,19.8881,FALSE,""
"",1948,20.8881,FALSE,""
"",1949,21.8881,FALSE,""
"",1950,22.8881,FALSE,""
"",1951,23.8881,FALSE,""
"",1952,24.8881,FALSE,""
"",1953,25.8881,FALSE,""
"",1954,26.8881,FALSE,""
"",1955,27.8881,FALSE,""
"",1956,28.8881,FALSE,""
"",1957,29.8881,FALSE,""
"",1958,30.8881,FALSE,""
"",1959,31.8881,FALSE,""
"",1960,32.8881,FALSE,""
"",1961,33.8881,FALSE,""
"",1962,34.8881,FALSE,""
"",1963,35.8881,FALSE,""
"",1964,36.8881,FALSE,""
"",1965,37.8881,FALSE,""
"",1966,38.8881,FALSE,""
"",1967,39.8881,FALSE,""
"",1968,40.8881,FALSE,""
"",1969,41.8881,FALSE,""
"",1970,42.8881,FALSE,""
"",1971,43.8881,FALSE,""
"",1972,44.8881,FALSE,""
"",1973,45.8881,FALSE,""
"",1974,46.8881,FALSE,""
"",1975,47.8881,FALSE,""
"",1976,48.8881,FALSE,""
"",1977,49.8881,FALSE,""
"",1978,50.8881,FALSE,""
"",1979,51.8881,FALSE,""
"",1980,52.8881,FALSE,""
"",1981,53.8881,FALSE,""
"",1982,54.8881,FALSE,""
"",1983,55.8881,FALSE,""
"",1984,56.8881,FALSE,""
"",1985,57.8881,FALSE,""
"",1986,58.8881,FALSE,""
"",1987,59.8881,FALSE,""
"",1988,60.8881,FALSE,""
"",1989,61.8881,FALSE,""
"",1990,62.8881,FALSE,""
"",1991,63.8881,FALSE,""
"",1992,64.8881,FALSE,""
"",1993,65.8881,FALSE,""
"",1994,66.8881,FALSE,""
"",1995,67.8881,FALSE,""
"",1996,68.8881,FALSE,""
"",1997,69.8881,FALSE,""
"",1998,70.8881,FALSE,""
"",1999,71.8881,FALSE,""
"",2000,72.8881,FALSE,""
"",2001,73.8881,FALSE,""
"",2002,74.8881,FALSE,""
"",2003,75.8881,FALSE,""
"",2004,76.8881,FALSE,""
"",2005,77.8881,FALSE,""
"",2006,78.8881,FALSE,""
"",2007,79.8881,FALSE,""
"",2008,80.8881,FALSE,""
"",2009,81.8881,FALSE,""
"",2010,82.8881,FALSE,""
"",2011,83.8881,FALSE,""
"",2012,84.8881,FALSE,""
"",2013,85.8881,FALSE,""
"",2014,86.8881,FALSE,""
"",2015,87.8881,FALSE,""
"",2016,88.8881,FALSE,""
"",2017,89.8881,FALSE,""
"",2018,90.8881,FALSE,""
"",2019,91.8881,FALSE,""
"",2020,92.8881,FALSE,""
"",2021,93.8881,FALSE,""
"",2022,94.8881,FALSE,""
"",2023,95.8881,FALSE,""
"",2024,96.8881,FALSE,""
"",2025,97.8881,FALSE,""
"",2026,98.8881,FALSE,""
"",2027,99.8881,FALSE,""
"",2028,100.8881,FALSE,""
"",2029,101.8881,FALSE,""
"",2030,102.8881,FALSE,""
"",2031,103.8881,FALSE,""
"",2032,104.8881,FALSE,""
"",2033,105.8881,FALSE,""
"",2034,106.8881,FALSE,""
"",2035,107.8881,FALSE,""
"",2036,108.8881,FALSE,""
"",2037,109.8881,FALSE,""
"",2038,110.8881,FALSE,""
"",2039,111.8881,FALSE,""
"",2040,112.8881,FALSE,""
"",2041,113.8881,FALSE,""
"",2042,114.8881,FALSE,""
"",2043,115.8881,FALSE,""
"",2044,116.8881,FALSE,""
"",2045,117.8881,FALSE,""
"",2046,118.8881,FALSE,""
"",2047,119.8881,FALSE,""
"",2048,120.8881,FALSE,""
"",2049,121.8881,FALSE,""
"",2050,122.8881,FALSE,""
Boyle Village  to Greyneys ,2050.4944,113 km,FALSE,""
"",2051,0.5056,FALSE,""
"",2052,1.5056,FALSE,""
"",2053,2.5056,FALSE,""
"",2054,3.5056,FALSE,""
"",2055,4.5056,FALSE,""
"",2056,5.5056,FALSE,""
"",2057,6.5056,FALSE,""
"",2058,7.5056,FALSE,""
"",2059,8.5056,FALSE,""
"",2060,9.5056,FALSE,""
"",2061,10.5056,FALSE,""
"",2062,11.5056,FALSE,""
"",2063,12.5056,FALSE,""
"",2064,13.5056,FALSE,""
"",2065,14.5056,FALSE,""
"",2066,15.5056,FALSE,""
"",2067,16.5056,FALSE,""
"",2068,17.5056,FALSE,""
"",2069,18.5056,FALSE,""
"",2070,19.5056,FALSE,""
"",2071,20.5056,FALSE,""
"",2072,21.5056,FALSE,""
"",2073,22.5056,FALSE,""
"",2074,23.5056,FALSE,""
"",2075,24.5056,FALSE,""
"",2076,25.5056,FALSE,""
"",2077,26.5056,FALSE,""
"",2078,27.5056,FALSE,""
"",2079,28.5056,FALSE,""
"",2080,29.5056,FALSE,""
"",2081,30.5056,FALSE,""
"",2082,31.5056,FALSE,""
"",2083,32.5056,FALSE,""
"",2084,33.5056,FALSE,""
"",2085,34.5056,FALSE,""
"",2086,35.5056,FALSE,""
"",2087,36.5056,FALSE,""
"",2088,37.5056,FALSE,""
"",2089,38.5056,FALSE,""
"",2090,39.5056,FALSE,""
"",2091,40.5056,FALSE,""
"",2092,41.5056,FALSE,""
"",2093,42.5056,FALSE,""
"",2094,43.5056,FALSE,""
"",2095,44.5056,FALSE,""
"",2096,45.5056,FALSE,""
"",2097,46.5056,FALSE,""
"",2098,47.5056,FALSE,""
"",2099,48.5056,FALSE,""
"",2100,49.5056,FALSE,""
"",2101,50.5056,FALSE,""
"",2102,51.5056,FALSE,""
"",2103,52.5056,FALSE,""
"",2104,53.5056,FALSE,""
"",2105,54.5056,FALSE,""
"",2106,55.5056,FALSE,""
"",2107,56.5056,FALSE,""
"",2108,57.5056,FALSE,""
"",2109,58.5056,FALSE,""
"",2110,59.5056,FALSE,""
"",2111,60.5056,FALSE,""
"",2112,61.5056,FALSE,""
"",2113,62.5056,FALSE,""
"",2114,63.5056,FALSE,""
"",2115,64.5056,FALSE,""
"",2116,65.5056,FALSE,""
"",2117,66.5056,FALSE,""
"",2118,67.5056,FALSE,""
"",2119,68.5056,FALSE,""
"",2120,69.5056,FALSE,""
"",2121,70.5056,FALSE,""
"",2122,71.5056,FALSE,""
"",2123,72.5056,FALSE,""
"",2124,73.5056,FALSE,""
"",2125,74.5056,FALSE,""
"",2126,75.5056,FALSE,""
"",2127,76.5056,FALSE,""
"",2128,77.5056,FALSE,""
"",2129,78.5056,FALSE,""
"",2130,79.5056,FALSE,""
"",2131,80.5056,FALSE,""
"",2132,81.5056,FALSE,""
"",2133,82.5056,FALSE,""
"",2134,83.5056,FALSE,""
"",2135,84.5056,FALSE,""
"",2136,85.5056,FALSE,""
"",2137,86.5056,FALSE,""
"",2138,87.5056,FALSE,""
"",2139,88.5056,FALSE,""
"",2140,89.5056,FALSE,""
"",2141,90.5056,FALSE,""
"",2142,91.5056,FALSE,""
"",2143,92.5056,FALSE,""
"",2144,93.5056,FALSE,""
"",2145,94.5056,FALSE,""
"",2146,95.5056,FALSE,""
"",2147,96.5056,FALSE,""
"",2148,97.5056,FALSE,""
"",2149,98.5056,FALSE,""
"",2150,99.5056,FALSE,""
"",2151,100.5056,FALSE,""
"",2152,101.5056,FALSE,""
"",2153,102.5056,FALSE,""
"",2154,103.5056,FALSE,""
"",2155,104.5056,FALSE,""
"",2156,105.5056,FALSE,""
"",2157,106.5056,FALSE,""
"",2158,107.5056,FALSE,""
"",2159,108.5056,FALSE,""
"",2160,109.5056,FALSE,""
"",2161,110.5056,FALSE,""
"",2162,111.5056,FALSE,""
"",2163,112.5056,FALSE,""
Greyneys  to Greyneys ,2163.8132,72 km,FALSE,""
"",2164,0.1868,FALSE,""
"",2165,1.1868,FALSE,""
"",2166,2.1868,FALSE,""
"",2167,3.1868,FALSE,""
"",2168,4.1868,FALSE,""
"",2169,5.1868,FALSE,""
"",2170,6.1868,FALSE,""
"",2171,7.1868,FALSE,""
"",2172,8.1868,FALSE,""
"",2173,9.1868,FALSE,""
"",2174,10.1868,FALSE,""
"",2175,11.1868,FALSE,""
"",2176,12.1868,FALSE,""
"",2177,13.1868,FALSE,""
"",2178,14.1868,FALSE,""
"",2179,15.1868,FALSE,""
"",2180,16.1868,FALSE,""
"",2181,17.1868,FALSE,""
"",2182,18.1868,FALSE,""
"",2183,19.1868,FALSE,""
"",2184,20.1868,FALSE,""
"",2185,21.1868,FALSE,""
"",2186,22.1868,FALSE,""
"",2187,23.1868,FALSE,""
"",2188,24.1868,FALSE,""
"",2189,25.1868,FALSE,""
"",2190,26.1868,FALSE,""
"",2191,27.1868,FALSE,""
"",2192,28.1868,FALSE,""
"",2193,29.1868,FALSE,""
"",2194,30.1868,FALSE,""
"",2195,31.1868,FALSE,""
"",2196,32.1868,FALSE,""
"",2197,33.1868,FALSE,""
"",2198,34.1868,FALSE,""
"",2199,35.1868,FALSE,""
"",2200,36.1868,FALSE,""
"",2201,37.1868,FALSE,""
"",2202,38.1868,FALSE,""
"",2203,39.1868,FALSE,""
"",2204,40.1868,FALSE,""
"",2205,41.1868,FALSE,""
"",2206,42.1868,FALSE,""
"",2207,43.1868,FALSE,""
"",2208,44.1868,FALSE,""
"",2209,45.1868,FALSE,""
"",2210,46.1868,FALSE,""
"",2211,47.1868,FALSE,""
"",2212,48.1868,FALSE,""
"",2213,49.1868,FALSE,""
"",2214,50.1868,FALSE,""
"",2215,51.1868,FALSE,""
"",2216,52.1868,FALSE,""
"",2217,53.1868,FALSE,""
"",2218,54.1868,FALSE,""
"",2219,55.1868,FALSE,""
"",2220,56.1868,FALSE,""
"",2221,57.1868,FALSE,""
"",2222,58.1868,FALSE,""
"",2223,59.1868,FALSE,""
"",2224,60.1868,FALSE,""
"",2225,61.1868,FALSE,""
"",2226,62.1868,FALSE,""
"",2227,63.1868,FALSE,""
"",2228,64.1868,FALSE,""
"",2229,65.1868,FALSE,""
"",2230,66.1868,FALSE,""
"",2231,67.1868,FALSE,""
"",2232,68.1868,FALSE,""
"",2233,69.1868,FALSE,""
"",2234,70.1868,FALSE,""
"",2235,71.1868,FALSE,""
Double Hill Run Rd  to Double Hill Run Rd ,2235.345,70 km,FALSE,""
"",2236,0.655,FALSE,""
"",2237,1.655,FALSE,""
"",2238,2.655,FALSE,""
"",2239,3.655,FALSE,""
"",2240,4.655,FALSE,""
"",2241,5.655,FALSE,""
"",2242,6.655,FALSE,""
"",2243,7.655,FALSE,""
"",2244,8.655,FALSE,""
"",2245,9.655,FALSE,""
"",2246,10.655,FALSE,""
"",2247,11.655,FALSE,""
"",2248,12.655,FALSE,""
"",2249,13.655,FALSE,""
"",2250,14.655,FALSE,""
"",2251,15.655,FALSE,""
"",2252,16.655,FALSE,""
"",2253,17.655,FALSE,""
"",2254,18.655,FALSE,""
"",2255,19.655,FALSE,""
"",2256,20.655,FALSE,""
"",2257,21.655,FALSE,""
"",2258,22.655,FALSE,""
"",2259,23.655,FALSE,""
"",2260,24.655,FALSE,""
"",2261,25.655,FALSE,""
"",2262,26.655,FALSE,""
"",2263,27.655,FALSE,""
"",2264,28.655,FALSE,""
"",2265,29.655,FALSE,""
"",2266,30.655,FALSE,""
"",2267,31.655,FALSE,""
"",2268,32.655,FALSE,""
"",2269,33.655,FALSE,""
"",2270,34.655,FALSE,""
"",2271,35.655,FALSE,""
"",2272,36.655,FALSE,""
"",2273,37.655,FALSE,""
"",2274,38.655,FALSE,""
"",2275,39.655,FALSE,""
"",2276,40.655,FALSE,""
"",2277,41.655,FALSE,""
"",2278,42.655,FALSE,""
"",2279,43.655,FALSE,""
"",2280,44.655,FALSE,""
"",2281,45.655,FALSE,""
"",2282,46.655,FALSE,""
"",2283,47.655,FALSE,""
"",2284,48.655,FALSE,""
"",2285,49.655,FALSE,""
"",2286,50.655,FALSE,""
"",2287,51.655,FALSE,""
"",2288,52.655,FALSE,""
"",2289,53.655,FALSE,""
"",2290,54.655,FALSE,""
"",2291,55.655,FALSE,""
"",2292,56.655,FALSE,""
"",2293,57.655,FALSE,""
"",2294,58.655,FALSE,""
"",2295,59.655,FALSE,""
"",2296,60.655,FALSE,""
"",2297,61.655,FALSE,""
"",2298,62.655,FALSE,""
"",2299,63.655,FALSE,""
"",2300,64.655,FALSE,""
"",2301,65.655,FALSE,""
"",2302,66.655,FALSE,""
"",2303,67.655,FALSE,""
"",2304,68.655,FALSE,""
"",2305,69.655,FALSE,""
Bush Stream carpark  to Pioneer Dr/SH8  Tekapo ,2305.0283,73 km,FALSE,""
"",2306,0.9717,FALSE,""
"",2307,1.9717,FALSE,""
"",2308,2.9717,FALSE,""
"",2309,3.9717,FALSE,""
"",2310,4.9717,FALSE,""
"",2311,5.9717,FALSE,""
"",2312,6.9717,FALSE,""
"",2313,7.9717,FALSE,""
"",2314,8.9717,FALSE,""
"",2315,9.9717,FALSE,""
"",2316,10.9717,FALSE,""
"",2317,11.9717,FALSE,""
"",2318,12.9717,FALSE,""
"",2319,13.9717,FALSE,""
"",2320,14.9717,FALSE,""
"",2321,15.9717,FALSE,""
"",2322,16.9717,FALSE,""
"",2323,17.9717,FALSE,""
"",2324,18.9717,FALSE,""
"",2325,19.9717,FALSE,""
"",2326,20.9717,FALSE,""
"",2327,21.9717,FALSE,""
"",2328,22.9717,FALSE,""
"",2329,23.9717,FALSE,""
"",2330,24.9717,FALSE,""
"",2331,25.9717,FALSE,""
"",2332,26.9717,FALSE,""
"",2333,27.9717,FALSE,""
"",2334,28.9717,FALSE,""
"",2335,29.9717,FALSE,""
"",2336,30.9717,FALSE,""
"",2337,31.9717,FALSE,""
"",2338,32.9717,FALSE,""
"",2339,33.9717,FALSE,""
"",2340,34.9717,FALSE,""
"",2341,35.9717,FALSE,""
"",2342,36.9717,FALSE,""
"",2343,37.9717,FALSE,""
"",2344,38.9717,FALSE,""
"",2345,39.9717,FALSE,""
"",2346,40.9717,FALSE,""
"",2347,41.9717,FALSE,""
"",2348,42.9717,FALSE,""
"",2349,43.9717,FALSE,""
"",2350,44.9717,FALSE,""
"",2351,45.9717,FALSE,""
"",2352,46.9717,FALSE,""
"",2353,47.9717,FALSE,""
"",2354,48.9717,FALSE,""
"",2355,49.9717,FALSE,""
"",2356,50.9717,FALSE,""
"",2357,51.9717,FALSE,""
"",2358,52.9717,FALSE,""
"",2359,53.9717,FALSE,""
"",2360,54.9717,FALSE,""
"",2361,55.9717,FALSE,""
"",2362,56.9717,FALSE,""
"",2363,57.9717,FALSE,""
"",2364,58.9717,FALSE,""
"",2365,59.9717,FALSE,""
"",2366,60.9717,FALSE,""
"",2367,61.9717,FALSE,""
"",2368,62.9717,FALSE,""
"",2369,63.9717,FALSE,""
"",2370,64.9717,FALSE,""
"",2371,65.9717,FALSE,""
"",2372,66.9717,FALSE,""
"",2373,67.9717,FALSE,""
"",2374,68.9717,FALSE,""
"",2375,69.9717,FALSE,""
"",2376,70.9717,FALSE,""
"",2377,71.9717,FALSE,""
"",2378,72.9717,FALSE,""
Pioneer Dr/SH8  Tekapo  to Glen Mary Ski Club ,2378.4485,94 km,FALSE,""
"",2379,0.5515,FALSE,""
"",2380,1.5515,FALSE,""
"",2381,2.5515,FALSE,""
"",2382,3.5515,FALSE,""
"",2383,4.5515,FALSE,""
"",2384,5.5515,FALSE,""
"",2385,6.5515,FALSE,""
"",2386,7.5515,FALSE,""
"",2387,8.5515,FALSE,""
"",2388,9.5515,FALSE,""
"",2389,10.5515,FALSE,""
"",2390,11.5515,FALSE,""
"",2391,12.5515,FALSE,""
"",2392,13.5515,FALSE,""
"",2393,14.5515,FALSE,""
"",2394,15.5515,FALSE,""
"",2395,16.5515,FALSE,""
"",2396,17.5515,FALSE,""
"",2397,18.5515,FALSE,""
"",2398,19.5515,FALSE,""
"",2399,20.5515,FALSE,""
"",2400,21.5515,FALSE,""
"",2401,22.5515,FALSE,""
"",2402,23.5515,FALSE,""
"",2403,24.5515,FALSE,""
"",2404,25.5515,FALSE,""
"",2405,26.5515,FALSE,""
"",2406,27.5515,FALSE,""
"",2407,28.5515,FALSE,""
"",2408,29.5515,FALSE,""
"",2409,30.5515,FALSE,""
"",2410,31.5515,FALSE,""
"",2411,32.5515,FALSE,""
"",2412,33.5515,FALSE,""
"",2413,34.5515,FALSE,""
"",2414,35.5515,FALSE,""
"",2415,36.5515,FALSE,""
"",2416,37.5515,FALSE,""
"",2417,38.5515,FALSE,""
"",2418,39.5515,FALSE,""
"",2419,40.5515,FALSE,""
"",2420,41.5515,FALSE,""
"",2421,42.5515,FALSE,""
"",2422,43.5515,FALSE,""
"",2423,44.5515,FALSE,""
"",2424,45.5515,FALSE,""
"",2425,46.5515,FALSE,""
"",2426,47.5515,FALSE,""
"",2427,48.5515,FALSE,""
"",2428,49.5515,FALSE,""
"",2429,50.5515,FALSE,""
"",2430,51.5515,FALSE,""
"",2431,52.5515,FALSE,""
"",2432,53.5515,FALSE,""
"",2433,54.5515,FALSE,""
"",2434,55.5515,FALSE,""
"",2435,56.5515,FALSE,""
"",2436,57.5515,FALSE,""
"",2437,58.5515,FALSE,""
"",2438,59.5515,FALSE,""
"",2439,60.5515,FALSE,""
"",2440,61.5515,FALSE,""
"",2441,62.5515,FALSE,""
"",2442,63.5515,FALSE,""
"",2443,64.5515,FALSE,""
"",2444,65.5515,FALSE,""
"",2445,66.5515,FALSE,""
"",2446,67.5515,FALSE,""
"",2447,68.5515,FALSE,""
"",2448,69.5515,FALSE,""
"",2449,70.5515,FALSE,""
"",2450,71.5515,FALSE,""
"",2451,72.5515,FALSE,""
"",2452,73.5515,FALSE,""
"",2453,74.5515,FALSE,""
"",2454,75.5515,FALSE,""
"",2455,76.5515,FALSE,""
"",2456,77.5515,FALSE,""
"",2457,78.5515,FALSE,""
"",2458,79.5515,FALSE,""
"",2459,80.5515,FALSE,""
"",2460,81.5515,FALSE,""
"",2461,82.5515,FALSE,""
"",2462,83.5515,FALSE,""
"",2463,84.5515,FALSE,""
"",2464,85.5515,FALSE,""
"",2465,86.5515,FALSE,""
"",2466,87.5515,FALSE,""
"",2467,88.5515,FALSE,""
"",2468,89.5515,FALSE,""
"",2469,90.5515,FALSE,""
"",2470,91.5515,FALSE,""
"",2471,92.5515,FALSE,""
"",2472,93.5515,FALSE,""
Glen Mary Ski Club  to Birchwood Rd carpark ,2472.2478,54 km,FALSE,""
"",2473,0.7522,FALSE,""
"",2474,1.7522,FALSE,""
"",2475,2.7522,FALSE,""
"",2476,3.7522,FALSE,""
"",2477,4.7522,FALSE,""
"",2478,5.7522,FALSE,""
"",2479,6.7522,FALSE,""
"",2480,7.7522,FALSE,""
"",2481,8.7522,FALSE,""
"",2482,9.7522,FALSE,""
"",2483,10.7522,FALSE,""
"",2484,11.7522,FALSE,""
"",2485,12.7522,FALSE,""
"",2486,13.7522,FALSE,""
"",2487,14.7522,FALSE,""
"",2488,15.7522,FALSE,""
"",2489,16.7522,FALSE,""
"",2490,17.7522,FALSE,""
"",2491,18.7522,FALSE,""
"",2492,19.7522,FALSE,""
"",2493,20.7522,FALSE,""
"",2494,21.7522,FALSE,""
"",2495,22.7522,FALSE,""
"",2496,23.7522,FALSE,""
"",2497,24.7522,FALSE,""
"",2498,25.7522,FALSE,""
"",2499,26.7522,FALSE,""
"",2500,27.7522,FALSE,""
"",2501,28.7522,FALSE,""
"",2502,29.7522,FALSE,""
"",2503,30.7522,FALSE,""
"",2504,31.7522,FALSE,""
"",2505,32.7522,FALSE,""
"",2506,33.7522,FALSE,""
"",2507,34.7522,FALSE,""
"",2508,35.7522,FALSE,""
"",2509,36.7522,FALSE,""
"",2510,37.7522,FALSE,""
"",2511,38.7522,FALSE,""
"",2512,39.7522,FALSE,""
"",2513,40.7522,FALSE,""
"",2514,41.7522,FALSE,""
"",2515,42.7522,FALSE,""
"",2516,43.7522,FALSE,""
"",2517,44.7522,FALSE,""
"",2518,45.7522,FALSE,""
"",2519,46.7522,FALSE,""
"",2520,47.7522,FALSE,""
"",2521,48.7522,FALSE,""
"",2522,49.7522,FALSE,""
"",2523,50.7522,FALSE,""
"",2524,51.7522,FALSE,""
"",2525,52.7522,FALSE,""
"",2526,53.7522,FALSE,""
Birchwood Rd carpark  to Gladstone Reserve ,2526.2932,18 km,FALSE,""
"",2527,0.7068,FALSE,""
"",2528,1.7068,FALSE,""
"",2529,2.7068,FALSE,""
"",2530,3.7068,FALSE,""
"",2531,4.7068,FALSE,""
"",2532,5.7068,FALSE,""
"",2533,6.7068,FALSE,""
"",2534,7.7068,FALSE,""
"",2535,8.7068,FALSE,""
"",2536,9.7068,FALSE,""
"",2537,10.7068,FALSE,""
"",2538,11.7068,FALSE,""
"",2539,12.7068,FALSE,""
"",2540,13.7068,FALSE,""
"",2541,14.7068,FALSE,""
"",2542,15.7068,FALSE,""
"",2543,16.7068,FALSE,""
Gladstone Reserve  to Ardmore St carpark ,2543.8457,26 km,FALSE,""
"",2544,0.1543,FALSE,""
"",2545,1.1543,FALSE,""
"",2546,2.1543,FALSE,""
"",2547,3.1543,FALSE,""
"",2548,4.1543,FALSE,""
"",2549,5.1543,FALSE,""
"",2550,6.1543,FALSE,""
"",2551,7.1543,FALSE,""
"",2552,8.1543,FALSE,""
"",2553,9.1543,FALSE,""
"",2554,10.1543,FALSE,""
"",2555,11.1543,FALSE,""
"",2556,12.1543,FALSE,""
"",2557,13.1543,FALSE,""
"",2558,14.1543,FALSE,""
"",2559,15.1543,FALSE,""
"",2560,16.1543,FALSE,""
"",2561,17.1543,FALSE,""
"",2562,18.1543,FALSE,""
"",2563,19.1543,FALSE,""
"",2564,20.1543,FALSE,""
"",2565,21.1543,FALSE,""
"",2566,22.1543,FALSE,""
"",2567,23.1543,FALSE,""
"",2568,24.1543,FALSE,""
"",2569,25.1543,FALSE,""
Ardmore St carpark  to Wanaka-Mt Aspiring/Motatapu Rds ,2569.8843,23 km,FALSE,""
"",2570,0.1157,FALSE,""
"",2571,1.1157,FALSE,""
"",2572,2.1157,FALSE,""
"",2573,3.1157,FALSE,""
"",2574,4.1157,FALSE,""
"",2575,5.1157,FALSE,""
"",2576,6.1157,FALSE,""
"",2577,7.1157,FALSE,""
"",2578,8.1157,FALSE,""
"",2579,9.1157,FALSE,""
"",2580,10.1157,FALSE,""
"",2581,11.1157,FALSE,""
"",2582,12.1157,FALSE,""
"",2583,13.1157,FALSE,""
"",2584,14.1157,FALSE,""
"",2585,15.1157,FALSE,""
"",2586,16.1157,FALSE,""
"",2587,17.1157,FALSE,""
"",2588,18.1157,FALSE,""
"",2589,19.1157,FALSE,""
"",2590,20.1157,FALSE,""
"",2591,21.1157,FALSE,""
"",2592,22.1157,FALSE,""
Wanaka-Mt Aspiring/Motatapu Rds  to Villiers/Buckingham Sts ,2592.4556,45 km,FALSE,""
"",2593,0.5444,FALSE,""
"",2594,1.5444,FALSE,""
"",2595,2.5444,FALSE,""
"",2596,3.5444,FALSE,""
"",2597,4.5444,FALSE,""
"",2598,5.5444,FALSE,""
"",2599,6.5444,FALSE,""
"",2600,7.5444,FALSE,""
"",2601,8.5444,FALSE,""
"",2602,9.5444,FALSE,""
"",2603,10.5444,FALSE,""
"",2604,11.5444,FALSE,""
"",2605,12.5444,FALSE,""
"",2606,13.5444,FALSE,""
"",2607,14.5444,FALSE,""
"",2608,15.5444,FALSE,""
"",2609,16.5444,FALSE,""
"",2610,17.5444,FALSE,""
"",2611,18.5444,FALSE,""
"",2612,19.5444,FALSE,""
"",2613,20.5444,FALSE,""
"",2614,21.5444,FALSE,""
"",2615,22.5444,FALSE,""
"",2616,23.5444,FALSE,""
"",2617,24.5444,FALSE,""
"",2618,25.5444,FALSE,""
"",2619,26.5444,FALSE,""
"",2620,27.5444,FALSE,""
"",2621,28.5444,FALSE,""
"",2622,29.5444,FALSE,""
"",2623,30.5444,FALSE,""
"",2624,31.5444,FALSE,""
"",2625,32.5444,FALSE,""
"",2626,33.5444,FALSE,""
"",2627,34.5444,FALSE,""
"",2628,35.5444,FALSE,""
"",2629,36.5444,FALSE,""
"",2630,37.5444,FALSE,""
"",2631,38.5444,FALSE,""
"",2632,39.5444,FALSE,""
"",2633,40.5444,FALSE,""
"",2634,41.5444,FALSE,""
"",2635,42.5444,FALSE,""
"",2636,43.5444,FALSE,""
"",2637,44.5444,FALSE,""
Villiers/Buckingham Sts  to Villiers/Buckingham Sts ,2637.614,29 km,FALSE,""
"",2638,0.386,FALSE,""
"",2639,1.386,FALSE,""
"",2640,2.386,FALSE,""
"",2641,3.386,FALSE,""
"",2642,4.386,FALSE,""
"",2643,5.386,FALSE,""
"",2644,6.386,FALSE,""
"",2645,7.386,FALSE,""
"",2646,8.386,FALSE,""
"",2647,9.386,FALSE,""
"",2648,10.386,FALSE,""
"",2649,11.386,FALSE,""
"",2650,12.386,FALSE,""
"",2651,13.386,FALSE,""
"",2652,14.386,FALSE,""
"",2653,15.386,FALSE,""
"",2654,16.386,FALSE,""
"",2655,17.386,FALSE,""
"",2656,18.386,FALSE,""
"",2657,19.386,FALSE,""
"",2658,20.386,FALSE,""
"",2659,21.386,FALSE,""
"",2660,22.386,FALSE,""
"",2661,23.386,FALSE,""
"",2662,24.386,FALSE,""
"",2663,25.386,FALSE,""
"",2664,26.386,FALSE,""
"",2665,27.386,FALSE,""
"",2666,28.386,FALSE,""
Greenstone carpark  to Mavora camping area ,2666.5742,64 km,FALSE,""
"",2667,0.4258,FALSE,""
"",2668,1.4258,FALSE,""
"",2669,2.4258,FALSE,""
"",2670,3.4258,FALSE,""
"",2671,4.4258,FALSE,""
"",2672,5.4258,FALSE,""
"",2673,6.4258,FALSE,""
"",2674,7.4258,FALSE,""
"",2675,8.4258,FALSE,""
"",2676,9.4258,FALSE,""
"",2677,10.4258,FALSE,""
"",2678,11.4258,FALSE,""
"",2679,12.4258,FALSE,""
"",2680,13.4258,FALSE,""
"",2681,14.4258,FALSE,""
"",2682,15.4258,FALSE,""
"",2683,16.4258,FALSE,""
"",2684,17.4258,FALSE,""
"",2685,18.4258,FALSE,""
"",2686,19.4258,FALSE,""
"",2687,20.4258,FALSE,""
"",2688,21.4258,FALSE,""
"",2689,22.4258,FALSE,""
"",2690,23.4258,FALSE,""
"",2691,24.4258,FALSE,""
"",2692,25.4258,FALSE,""
"",2693,26.4258,FALSE,""
"",2694,27.4258,FALSE,""
"",2695,28.4258,FALSE,""
"",2696,29.4258,FALSE,""
"",2697,30.4258,FALSE,""
"",2698,31.4258,FALSE,""
"",2699,32.4258,FALSE,""
"",2700,33.4258,FALSE,""
"",2701,34.4258,FALSE,""
"",2702,35.4258,FALSE,""
"",2703,36.4258,FALSE,""
"",2704,37.4258,FALSE,""
"",2705,38.4258,FALSE,""
"",2706,39.4258,FALSE,""
"",2707,40.4258,FALSE,""
"",2708,41.4258,FALSE,""
"",2709,42.4258,FALSE,""
"",2710,43.4258,FALSE,""
"",2711,44.4258,FALSE,""
"",2712,45.4258,FALSE,""
"",2713,46.4258,FALSE,""
"",2714,47.4258,FALSE,""
"",2715,48.4258,FALSE,""
"",2716,49.4258,FALSE,""
"",2717,50.4258,FALSE,""
"",2718,51.4258,FALSE,""
"",2719,52.4258,FALSE,""
"",2720,53.4258,FALSE,""
"",2721,54.4258,FALSE,""
"",2722,55.4258,FALSE,""
"",2723,56.4258,FALSE,""
"",2724,57.4258,FALSE,""
"",2725,58.4258,FALSE,""
"",2726,59.4258,FALSE,""
"",2727,60.4258,FALSE,""
"",2728,61.4258,FALSE,""
"",2729,62.4258,FALSE,""
"",2730,63.4258,FALSE,""
Mavora camping area  to SH94/Princhester Rd ,2730.915,43 km,FALSE,""
"",2731,0.085,FALSE,""
"",2732,1.085,FALSE,""
"",2733,2.085,FALSE,""
"",2734,3.085,FALSE,""
"",2735,4.085,FALSE,""
"",2736,5.085,FALSE,""
"",2737,6.085,FALSE,""
"",2738,7.085,FALSE,""
"",2739,8.085,FALSE,""
"",2740,9.085,FALSE,""
"",2741,10.085,FALSE,""
"",2742,11.085,FALSE,""
"",2743,12.085,FALSE,""
"",2744,13.085,FALSE,""
"",2745,14.085,FALSE,""
"",2746,15.085,FALSE,""
"",2747,16.085,FALSE,""
"",2748,17.085,FALSE,""
"",2749,18.085,FALSE,""
"",2750,19.085,FALSE,""
"",2751,20.085,FALSE,""
"",2752,21.085,FALSE,""
"",2753,22.085,FALSE,""
"",2754,23.085,FALSE,""
"",2755,24.085,FALSE,""
"",2756,25.085,FALSE,""
"",2757,26.085,FALSE,""
"",2758,27.085,FALSE,""
"",2759,28.085,FALSE,""
"",2760,29.085,FALSE,""
"",2761,30.085,FALSE,""
"",2762,31.085,FALSE,""
"",2763,32.085,FALSE,""
"",2764,33.085,FALSE,""
"",2765,34.085,FALSE,""
"",2766,35.085,FALSE,""
"",2767,36.085,FALSE,""
"",2768,37.085,FALSE,""
"",2769,38.085,FALSE,""
"",2770,39.085,FALSE,""
"",2771,40.085,FALSE,""
"",2772,41.085,FALSE,""
"",2773,42.085,FALSE,""
SH94/Princhester Rd  to Struan Flat Rd ,2773.6233,34 km,FALSE,""
"",2774,0.3767,FALSE,""
"",2775,1.3767,FALSE,""
"",2776,2.3767,FALSE,""
"",2777,3.3767,FALSE,""
"",2778,4.3767,FALSE,""
"",2779,5.3767,FALSE,""
"",2780,6.3767,FALSE,""
"",2781,7.3767,FALSE,""
"",2782,8.3767,FALSE,""
"",2783,9.3767,FALSE,""
"",2784,10.3767,FALSE,""
"",2785,11.3767,FALSE,""
"",2786,12.3767,FALSE,""
"",2787,13.3767,FALSE,""
"",2788,14.3767,FALSE,""
"",2789,15.3767,FALSE,""
"",2790,16.3767,FALSE,""
"",2791,17.3767,FALSE,""
"",2792,18.3767,FALSE,""
"",2793,19.3767,FALSE,""
"",2794,20.3767,FALSE,""
"",2795,21.3767,FALSE,""
"",2796,22.3767,FALSE,""
"",2797,23.3767,FALSE,""
"",2798,24.3767,FALSE,""
"",2799,25.3767,FALSE,""
"",2800,26.3767,FALSE,""
"",2801,27.3767,FALSE,""
"",2802,28.3767,FALSE,""
"",2803,29.3767,FALSE,""
"",2804,30.3767,FALSE,""
"",2805,31.3767,FALSE,""
"",2806,32.3767,FALSE,""
"",2807,33.3767,FALSE,""
Struan Flat Rd  to Merrivale Rd ,2807.1326,52 km,FALSE,""
"",2808,0.8674,FALSE,""
"",2809,1.8674,FALSE,""
"",2810,2.8674,FALSE,""
"",2811,3.8674,FALSE,""
"",2812,4.8674,FALSE,""
"",2813,5.8674,FALSE,""
"",2814,6.8674,FALSE,""
"",2815,7.8674,FALSE,""
"",2816,8.8674,FALSE,""
"",2817,9.8674,FALSE,""
"",2818,10.8674,FALSE,""
"",2819,11.8674,FALSE,""
"",2820,12.8674,FALSE,""
"",2821,13.8674,FALSE,""
"",2822,14.8674,FALSE,""
"",2823,15.8674,FALSE,""
"",2824,16.8674,FALSE,""
"",2825,17.8674,FALSE,""
"",2826,18.8674,FALSE,""
"",2827,19.8674,FALSE,""
"",2828,20.8674,FALSE,""
"",2829,21.8674,FALSE,""
"",2830,22.8674,FALSE,""
"",2831,23.8674,FALSE,""
"",2832,24.8674,FALSE,""
"",2833,25.8674,FALSE,""
"",2834,26.8674,FALSE,""
"",2835,27.8674,FALSE,""
"",2836,28.8674,FALSE,""
"",2837,29.8674,FALSE,""
"",2838,30.8674,FALSE,""
"",2839,31.8674,FALSE,""
"",2840,32.8674,FALSE,""
"",2841,33.8674,FALSE,""
"",2842,34.8674,FALSE,""
"",2843,35.8674,FALSE,""
"",2844,36.8674,FALSE,""
"",2845,37.8674,FALSE,""
"",2846,38.8674,FALSE,""
"",2847,39.8674,FALSE,""
"",2848,40.8674,FALSE,""
"",2849,41.8674,FALSE,""
"",2850,42.8674,FALSE,""
"",2851,43.8674,FALSE,""
"",2852,44.8674,FALSE,""
"",2853,45.8674,FALSE,""
"",2854,46.8674,FALSE,""
"",2855,47.8674,FALSE,""
"",2856,48.8674,FALSE,""
"",2857,49.8674,FALSE,""
"",2858,50.8674,FALSE,""
"",2859,51.8674,FALSE,""
Merrivale Rd  to Colac Bay Rd/SH99 ,2859.5425,53 km,FALSE,""
"",2860,0.4575,FALSE,""
"",2861,1.4575,FALSE,""
"",2862,2.4575,FALSE,""
"",2863,3.4575,FALSE,""
"",2864,4.4575,FALSE,""
"",2865,5.4575,FALSE,""
"",2866,6.4575,FALSE,""
"",2867,7.4575,FALSE,""
"",2868,8.4575,FALSE,""
"",2869,9.4575,FALSE,""
"",2870,10.4575,FALSE,""
"",2871,11.4575,FALSE,""
"",2872,12.4575,FALSE,""
"",2873,13.4575,FALSE,""
"",2874,14.4575,FALSE,""
"",2875,15.4575,FALSE,""
"",2876,16.4575,FALSE,""
"",2877,17.4575,FALSE,""
"",2878,18.4575,FALSE,""
"",2879,19.4575,FALSE,""
"",2880,20.4575,FALSE,""
"",2881,21.4575,FALSE,""
"",2882,22.4575,FALSE,""
"",2883,23.4575,FALSE,""
"",2884,24.4575,FALSE,""
"",2885,25.4575,FALSE,""
"",2886,26.4575,FALSE,""
"",2887,27.4575,FALSE,""
"",2888,28.4575,FALSE,""
"",2889,29.4575,FALSE,""
"",2890,30.4575,FALSE,""
"",2891,31.4575,FALSE,""
"",2892,32.4575,FALSE,""
"",2893,33.4575,FALSE,""
"",2894,34.4575,FALSE,""
"",2895,35.4575,FALSE,""
"",2896,36.4575,FALSE,""
"",2897,37.4575,FALSE,""
"",2898,38.4575,FALSE,""
"",2899,39.4575,FALSE,""
"",2900,40.4575,FALSE,""
"",2901,41.4575,FALSE,""
"",2902,42.4575,FALSE,""
"",2903,43.4575,FALSE,""
"",2904,44.4575,FALSE,""
"",2905,45.4575,FALSE,""
"",2906,46.4575,FALSE,""
"",2907,47.4575,FALSE,""
"",2908,48.4575,FALSE,""
"",2909,49.4575,FALSE,""
"",2910,50.4575,FALSE,""
"",2911,51.4575,FALSE,""
"",2912,52.4575,FALSE,""
Colac Bay Rd/SH99  to SH99/Bay Rd ,2912.6057,11 km,FALSE,""
"",2913,0.3943,FALSE,""
"",2914,1.3943,FALSE,""
"",2915,2.3943,FALSE,""
"",2916,3.3943,FALSE,""
"",2917,4.3943,FALSE,""
"",2918,5.3943,FALSE,""
"",2919,6.3943,FALSE,""
"",2920,7.3943,FALSE,""
"",2921,8.3943,FALSE,""
"",2922,9.3943,FALSE,""
"",2923,10.3943,FALSE,""
SH99/Bay Rd  to Stead St ,2923.1475,38 km,FALSE,""
"",2924,0.8525,FALSE,""
"",2925,1.8525,FALSE,""
"",2926,2.8525,FALSE,""
"",2927,3.8525,FALSE,""
"",2928,4.8525,FALSE,""
"",2929,5.8525,FALSE,""
"",2930,6.8525,FALSE,""
"",2931,7.8525,FALSE,""
"",2932,8.8525,FALSE,""
"",2933,9.8525,FALSE,""
"",2934,10.8525,FALSE,""
"",2935,11.8525,FALSE,""
"",2936,12.8525,FALSE,""
"",2937,13.8525,FALSE,""
"",2938,14.8525,FALSE,""
"",2939,15.8525,FALSE,""
"",2940,16.8525,FALSE,""
"",2941,17.8525,FALSE,""
"",2942,18.8525,FALSE,""
"",2943,19.8525,FALSE,""
"",2944,20.8525,FALSE,""
"",2945,21.8525,FALSE,""
"",2946,22.8525,FALSE,""
"",2947,23.8525,FALSE,""
"",2948,24.8525,FALSE,""
"",2949,25.8525,FALSE,""
"",2950,26.8525,FALSE,""
"",2951,27.8525,FALSE,""
"",2952,28.8525,FALSE,""
"",2953,29.8525,FALSE,""
"",2954,30.8525,FALSE,""
"",2955,31.8525,FALSE,""
"",2956,32.8525,FALSE,""
"",2957,33.8525,FALSE,""
"",2958,34.8525,FALSE,""
"",2959,35.8525,FALSE,""
"",2960,36.8525,FALSE,""
"",2961,37.8525,FALSE,""
Stead St  to Stead St ,2961.0537,35 km,FALSE,""
"",2962,0.9463,FALSE,""
"",2963,1.9463,FALSE,""
"",2964,2.9463,FALSE,""
"",2965,3.9463,FALSE,""
"",2966,4.9463,FALSE,""
"",2967,5.9463,FALSE,""
"",2968,6.9463,FALSE,""
"",2969,7.9463,FALSE,""
"",2970,8.9463,FALSE,""
"",2971,9.9463,FALSE,""
"",2972,10.9463,FALSE,""
"",2973,11.9463,FALSE,""
"",2974,12.9463,FALSE,""
"",2975,13.9463,FALSE,""
"",2976,14.9463,FALSE,""
"",2977,15.9463,FALSE,""
"",2978,16.9463,FALSE,""
"",2979,17.9463,FALSE,""
"",2980,18.9463,FALSE,""
"",2981,19.9463,FALSE,""
"",2982,20.9463,FALSE,""
"",2983,21.9463,FALSE,""
"",2984,22.9463,FALSE,""
"",2985,23.9463,FALSE,""
"",2986,24.9463,FALSE,""
"",2987,25.9463,FALSE,""
"",2988,26.9463,FALSE,""
"",2989,27.9463,FALSE,""
"",2990,28.9463,FALSE,""
"",2991,29.9463,FALSE,""
"",2992,30.9463,FALSE,""
"",2993,31.9463,FALSE,""
"",2994,32.9463,FALSE,""
"",2995,33.9463,FALSE,""
"",2996,34.9463,FALSE,""
